{"licenses": [{"name": "", "id": 0, "url": ""}], "info": {"contributor": "", "date_created": "", "description": "", "url": "", "version": "", "year": ""}, "categories": [{"id": 1, "name": "Hatched", "supercategory": ""}, {"id": 2, "name": "Unhatched", "supercategory": ""}, {"id": 3, "name": "Juvenile", "supercategory": ""}], "images": [{"id": 1, "width": 2592, "height": 1944, "file_name": "200310_C8.tif", "license": 0, "flickr_url": "", "coco_url": "", "date_captured": 0}, {"id": 2, "width": 2592, "height": 1944, "file_name": "200310_C7.tif", "license": 0, "flickr_url": "", "coco_url": "", "date_captured": 0}, {"id": 3, "width": 2592, "height": 1944, "file_name": "200310_C6.tif", "license": 0, "flickr_url": "", "coco_url": "", "date_captured": 0}, {"id": 4, "width": 2592, "height": 1944, "file_name": "200310_C5.tif", "license": 0, "flickr_url": "", "coco_url": "", "date_captured": 0}, {"id": 5, "width": 2592, "height": 1944, "file_name": "200310_C4.tif", "license": 0, "flickr_url": "", "coco_url": "", "date_captured": 0}, {"id": 6, "width": 2592, "height": 1944, "file_name": "200310_C3.tif", "license": 0, "flickr_url": "", "coco_url": "", "date_captured": 0}, {"id": 7, "width": 2592, "height": 1944, "file_name": "200310_B6.tif", "license": 0, "flickr_url": "", "coco_url": "", "date_captured": 0}, {"id": 8, "width": 2592, "height": 1944, "file_name": "200310_B5.tif", "license": 0, "flickr_url": "", "coco_url": "", "date_captured": 0}, {"id": 9, "width": 2592, "height": 1944, "file_name": "200310_B4.tif", "license": 0, "flickr_url": "", "coco_url": "", "date_captured": 0}, {"id": 10, "width": 2592, "height": 1944, "file_name": "200310_B3.tif", "license": 0, "flickr_url": "", "coco_url": "", "date_captured": 0}, {"id": 11, "width": 2592, "height": 1944, "file_name": "200310_B2.tif", "license": 0, "flickr_url": "", "coco_url": "", "date_captured": 0}, {"id": 12, "width": 2592, "height": 1944, "file_name": "200224_C8.tif", "license": 0, "flickr_url": "", "coco_url": "", "date_captured": 0}, {"id": 13, "width": 2592, "height": 1944, "file_name": "200224_C7.tif", "license": 0, "flickr_url": "", "coco_url": "", "date_captured": 0}, {"id": 14, "width": 2592, "height": 1944, "file_name": "200224_C6.tif", "license": 0, "flickr_url": "", "coco_url": "", "date_captured": 0}, {"id": 15, "width": 2592, "height": 1944, "file_name": "200224_C5.tif", "license": 0, "flickr_url": "", "coco_url": "", "date_captured": 0}, {"id": 16, "width": 2592, "height": 1944, "file_name": "200224_C4.tif", "license": 0, "flickr_url": "", "coco_url": "", "date_captured": 0}, {"id": 17, "width": 2592, "height": 1944, "file_name": "200224_C3.tif", "license": 0, "flickr_url": "", "coco_url": "", "date_captured": 0}, {"id": 18, "width": 2592, "height": 1944, "file_name": "200224_B7.tif", "license": 0, "flickr_url": "", "coco_url": "", "date_captured": 0}, {"id": 19, "width": 2592, "height": 1944, "file_name": "200224_B6.tif", "license": 0, "flickr_url": "", "coco_url": "", "date_captured": 0}, {"id": 20, "width": 2592, "height": 1944, "file_name": "200224_B5.tif", "license": 0, "flickr_url": "", "coco_url": "", "date_captured": 0}, {"id": 21, "width": 2592, "height": 1944, "file_name": "200224_B4.tif", "license": 0, "flickr_url": "", "coco_url": "", "date_captured": 0}, {"id": 22, "width": 2592, "height": 1944, "file_name": "200224_B3.tif", "license": 0, "flickr_url": "", "coco_url": "", "date_captured": 0}, {"id": 23, "width": 2592, "height": 1944, "file_name": "200224_B2.tif", "license": 0, "flickr_url": "", "coco_url": "", "date_captured": 0}], "annotations": [{"id": 1, "image_id": 14, "category_id": 3, "segmentation": [], "area": 19497.950899999974, "bbox": [1649.8, 1650.21, 159.31, 122.39], "iscrowd": 0, "attributes": {"occluded": false}}, {"id": 2, "image_id": 14, "category_id": 3, "segmentation": [], "area": 7764.403200000004, "bbox": [1351.97, 191.69, 100.16, 77.52], "iscrowd": 0, "attributes": {"occluded": false}}, {"id": 3, "image_id": 14, "category_id": 3, "segmentation": [], "area": 3087.6195999999964, "bbox": [615.58, 579.27, 36.92, 83.63], "iscrowd": 0, "attributes": {"occluded": false}}, {"id": 4, "image_id": 14, "category_id": 3, "segmentation": [], "area": 8522.303999999993, "bbox": [997.24, 1315.66, 130.55, 65.28], "iscrowd": 0, "attributes": {"occluded": false}}, {"id": 5, "image_id": 14, "category_id": 3, "segmentation": [], "area": 8085.3972, "bbox": [1101.27, 564.99, 136.67, 59.16], "iscrowd": 0, "attributes": {"occluded": false}}, {"id": 6, "image_id": 14, "category_id": 3, "segmentation": [], "area": 7561.158000000005, "bbox": [1635.72, 1079.04, 161.15, 46.92], "iscrowd": 0, "attributes": {"occluded": false}}, {"id": 7, "image_id": 14, "category_id": 3, "segmentation": [], "area": 14331.693600000048, "bbox": [1103.31, 1644.08, 334.54, 42.84], "iscrowd": 0, "attributes": {"occluded": false}}, {"id": 8, "image_id": 14, "category_id": 3, "segmentation": [], "area": 7532.534799999993, "bbox": [1078.63, 1066.8, 85.88, 87.71], "iscrowd": 0, "attributes": {"occluded": false}}, {"id": 9, "image_id": 14, "category_id": 3, "segmentation": [], "area": 45895.2857, "bbox": [948.08, 585.39, 236.83, 193.79], "iscrowd": 0, "attributes": {"occluded": false}}, {"id": 10, "image_id": 14, "category_id": 3, "segmentation": [], "area": 17352.05640000002, "bbox": [1231.62, 1513.53, 173.59, 99.96], "iscrowd": 0, "attributes": {"occluded": false}}, {"id": 11, "image_id": 14, "category_id": 3, "segmentation": [], "area": 13966.307299999999, "bbox": [672.7, 1091.28, 102.19, 136.67], "iscrowd": 0, "attributes": {"occluded": false}}, {"id": 12, "image_id": 14, "category_id": 3, "segmentation": [], "area": 6319.838499999991, "bbox": [1517.41, 787.34, 99.95, 63.23], "iscrowd": 0, "attributes": {"occluded": false}}, {"id": 13, "image_id": 14, "category_id": 3, "segmentation": [], "area": 8427.176799999997, "bbox": [788.97, 622.11, 96.08, 87.71], "iscrowd": 0, "attributes": {"occluded": false}}, {"id": 14, "image_id": 14, "category_id": 3, "segmentation": [], "area": 6831.75400000001, "bbox": [1150.03, 479.32, 85.88, 79.55], "iscrowd": 0, "attributes": {"occluded": false}}, {"id": 15, "image_id": 14, "category_id": 3, "segmentation": [], "area": 7555.117599999994, "bbox": [342.24, 507.87, 55.28, 136.67], "iscrowd": 0, "attributes": {"occluded": false}}, {"id": 16, "image_id": 14, "category_id": 3, "segmentation": [], "area": 12117.926399999988, "bbox": [1747.91, 254.93, 185.63, 65.28], "iscrowd": 0, "attributes": {"occluded": false}}, {"id": 17, "image_id": 14, "category_id": 3, "segmentation": [], "area": 9561.806400000007, "bbox": [1509.04, 1644.08, 126.68, 75.48], "iscrowd": 0, "attributes": {"occluded": false}}, {"id": 18, "image_id": 14, "category_id": 3, "segmentation": [], "area": 8538.440400000005, "bbox": [526.03, 513.99, 73.43, 116.28], "iscrowd": 0, "attributes": {"occluded": false}}, {"id": 19, "image_id": 15, "category_id": 3, "segmentation": [], "area": 7514.992800000009, "bbox": [774.89, 1130.04, 85.68, 87.71], "iscrowd": 0, "attributes": {"occluded": false}}, {"id": 20, "image_id": 15, "category_id": 3, "segmentation": [], "area": 7866.707200000017, "bbox": [1394.81, 932.17, 83.84, 93.83], "iscrowd": 0, "attributes": {"occluded": false}}, {"id": 21, "image_id": 15, "category_id": 3, "segmentation": [], "area": 18574.506099999977, "bbox": [1084.96, 1542.09, 97.91, 189.71], "iscrowd": 0, "attributes": {"occluded": false}}, {"id": 22, "image_id": 15, "category_id": 3, "segmentation": [], "area": 4718.601600000006, "bbox": [1555.96, 1181.03, 79.76, 59.16], "iscrowd": 0, "attributes": {"occluded": false}}, {"id": 23, "image_id": 15, "category_id": 3, "segmentation": [], "area": 14141.176000000016, "bbox": [1753.83, 750.62, 108.32, 130.55], "iscrowd": 0, "attributes": {"occluded": false}}, {"id": 24, "image_id": 15, "category_id": 3, "segmentation": [], "area": 8064.487199999987, "bbox": [1953.94, 1389.1, 69.36, 116.27], "iscrowd": 0, "attributes": {"occluded": false}}, {"id": 25, "image_id": 15, "category_id": 3, "segmentation": [], "area": 11884.387199999997, "bbox": [854.45, 1001.52, 104.03, 114.24], "iscrowd": 0, "attributes": {"occluded": false}}, {"id": 26, "image_id": 15, "category_id": 3, "segmentation": [], "area": 7156.258900000016, "bbox": [1425.62, 1095.36, 87.71, 81.59], "iscrowd": 0, "attributes": {"occluded": false}}, {"id": 27, "image_id": 15, "category_id": 3, "segmentation": [], "area": 9076.755600000002, "bbox": [1007.24, 558.87, 134.83, 67.32], "iscrowd": 0, "attributes": {"occluded": false}}, {"id": 28, "image_id": 16, "category_id": 3, "segmentation": [], "area": 12174.495700000029, "bbox": [2013.1, 430.36, 77.51, 157.07], "iscrowd": 0, "attributes": {"occluded": false}}, {"id": 29, "image_id": 16, "category_id": 3, "segmentation": [], "area": 7626.458499999987, "bbox": [701.46, 907.69, 79.55, 95.87], "iscrowd": 0, "attributes": {"occluded": false}}, {"id": 30, "image_id": 16, "category_id": 3, "segmentation": [], "area": 5206.732799999997, "bbox": [1923.14, 1360.54, 79.76, 65.28], "iscrowd": 0, "attributes": {"occluded": false}}, {"id": 31, "image_id": 16, "category_id": 3, "segmentation": [], "area": 9428.655600000006, "bbox": [1639.6, 875.05, 118.51, 79.56], "iscrowd": 0, "attributes": {"occluded": false}}, {"id": 32, "image_id": 16, "category_id": 3, "segmentation": [], "area": 9383.571600000003, "bbox": [1641.84, 993.36, 112.19, 83.64], "iscrowd": 0, "attributes": {"occluded": false}}, {"id": 33, "image_id": 16, "category_id": 3, "segmentation": [], "area": 16179.19919999998, "bbox": [917.69, 1360.54, 293.74, 55.08], "iscrowd": 0, "attributes": {"occluded": false}}, {"id": 34, "image_id": 16, "category_id": 3, "segmentation": [], "area": 8322.792000000014, "bbox": [1150.23, 887.29, 203.99, 40.8], "iscrowd": 0, "attributes": {"occluded": false}}, {"id": 35, "image_id": 16, "category_id": 3, "segmentation": [], "area": 4682.779199999992, "bbox": [1708.95, 1576.77, 69.56, 67.32], "iscrowd": 0, "attributes": {"occluded": false}}, {"id": 36, "image_id": 16, "category_id": 3, "segmentation": [], "area": 28328.78650000001, "bbox": [1348.1, 328.37, 187.67, 150.95], "iscrowd": 0, "attributes": {"occluded": false}}, {"id": 37, "image_id": 16, "category_id": 3, "segmentation": [], "area": 8231.1736, "bbox": [1700.79, 1703.24, 96.08, 85.67], "iscrowd": 0, "attributes": {"occluded": false}}, {"id": 38, "image_id": 16, "category_id": 3, "segmentation": [], "area": 10917.896499999995, "bbox": [1517.41, 187.62, 130.55, 83.63], "iscrowd": 0, "attributes": {"occluded": false}}, {"id": 39, "image_id": 17, "category_id": 3, "segmentation": [], "area": 10551.288, "bbox": [737.97, 1297.3, 94.04, 112.2], "iscrowd": 0, "attributes": {"occluded": false}}, {"id": 40, "image_id": 17, "category_id": 3, "segmentation": [], "area": 19797.096500000003, "bbox": [1761.99, 1052.52, 198.07, 99.95], "iscrowd": 0, "attributes": {"occluded": false}}, {"id": 41, "image_id": 17, "category_id": 3, "segmentation": [], "area": 21935.689599999983, "bbox": [1209.18, 752.66, 165.44, 132.59], "iscrowd": 0, "attributes": {"occluded": false}}, {"id": 42, "image_id": 17, "category_id": 3, "segmentation": [], "area": 11917.902500000017, "bbox": [1933.34, 1613.49, 132.79, 89.75], "iscrowd": 0, "attributes": {"occluded": false}}, {"id": 43, "image_id": 17, "category_id": 3, "segmentation": [], "area": 7693.959999999999, "bbox": [941.96, 595.59, 92.0, 83.63], "iscrowd": 0, "attributes": {"occluded": false}}, {"id": 44, "image_id": 17, "category_id": 3, "segmentation": [], "area": 7241.183999999981, "bbox": [781.01, 1150.43, 122.4, 59.16], "iscrowd": 0, "attributes": {"occluded": false}}, {"id": 45, "image_id": 17, "category_id": 3, "segmentation": [], "area": 7660.769200000009, "bbox": [933.8, 715.94, 73.64, 104.03], "iscrowd": 0, "attributes": {"occluded": false}}, {"id": 46, "image_id": 17, "category_id": 3, "segmentation": [], "area": 13418.752900000007, "bbox": [1101.27, 263.09, 152.99, 87.71], "iscrowd": 0, "attributes": {"occluded": false}}, {"id": 47, "image_id": 17, "category_id": 3, "segmentation": [], "area": 11056.308399999994, "bbox": [858.32, 1531.89, 106.28, 104.03], "iscrowd": 0, "attributes": {"occluded": false}}, {"id": 48, "image_id": 17, "category_id": 3, "segmentation": [], "area": 11233.260199999977, "bbox": [1578.61, 1123.92, 183.58, 61.19], "iscrowd": 0, "attributes": {"occluded": false}}, {"id": 49, "image_id": 17, "category_id": 3, "segmentation": [], "area": 8763.534000000021, "bbox": [1923.34, 275.33, 79.56, 110.15], "iscrowd": 0, "attributes": {"occluded": false}}, {"id": 50, "image_id": 17, "category_id": 3, "segmentation": [], "area": 9284.060400000015, "bbox": [652.5, 1254.47, 197.87, 46.92], "iscrowd": 0, "attributes": {"occluded": false}}, {"id": 51, "image_id": 17, "category_id": 3, "segmentation": [], "area": 24052.6608, "bbox": [658.62, 1315.66, 173.39, 138.72], "iscrowd": 0, "attributes": {"occluded": false}}, {"id": 52, "image_id": 17, "category_id": 3, "segmentation": [], "area": 8004.878499999998, "bbox": [1497.01, 1611.45, 150.95, 53.03], "iscrowd": 0, "attributes": {"occluded": false}}, {"id": 53, "image_id": 18, "category_id": 3, "segmentation": [], "area": 12808.242000000013, "bbox": [1074.76, 381.4, 110.15, 116.28], "iscrowd": 0, "attributes": {"occluded": false}}, {"id": 54, "image_id": 18, "category_id": 3, "segmentation": [], "area": 4419.456000000005, "bbox": [1105.15, 868.93, 108.32, 40.8], "iscrowd": 0, "attributes": {"occluded": false}}, {"id": 55, "image_id": 18, "category_id": 3, "segmentation": [], "area": 12298.566499999997, "bbox": [854.25, 1574.73, 102.19, 120.35], "iscrowd": 0, "attributes": {"occluded": false}}, {"id": 56, "image_id": 18, "category_id": 3, "segmentation": [], "area": 4585.307999999988, "bbox": [1721.4, 850.57, 59.15, 77.52], "iscrowd": 0, "attributes": {"occluded": false}}, {"id": 57, "image_id": 18, "category_id": 3, "segmentation": [], "area": 20681.724, "bbox": [1425.62, 675.14, 289.66, 71.4], "iscrowd": 0, "attributes": {"occluded": false}}, {"id": 58, "image_id": 18, "category_id": 3, "segmentation": [], "area": 11506.10999999998, "bbox": [1262.42, 414.04, 71.4, 161.15], "iscrowd": 0, "attributes": {"occluded": false}}, {"id": 59, "image_id": 18, "category_id": 3, "segmentation": [], "area": 9411.23409999999, "bbox": [1089.04, 942.37, 53.03, 177.47], "iscrowd": 0, "attributes": {"occluded": false}}, {"id": 60, "image_id": 18, "category_id": 3, "segmentation": [], "area": 49267.06099999998, "bbox": [1452.13, 214.13, 301.9, 163.19], "iscrowd": 0, "attributes": {"occluded": false}}, {"id": 61, "image_id": 18, "category_id": 3, "segmentation": [], "area": 13669.937999999991, "bbox": [721.86, 1323.82, 148.91, 91.8], "iscrowd": 0, "attributes": {"occluded": false}}, {"id": 62, "image_id": 18, "category_id": 3, "segmentation": [], "area": 11301.763199999996, "bbox": [1223.67, 777.14, 197.86, 57.12], "iscrowd": 0, "attributes": {"occluded": false}}, {"id": 63, "image_id": 18, "category_id": 3, "segmentation": [], "area": 7963.446100000025, "bbox": [1360.34, 548.67, 67.31, 118.31], "iscrowd": 0, "attributes": {"occluded": false}}, {"id": 64, "image_id": 18, "category_id": 3, "segmentation": [], "area": 13631.055700000006, "bbox": [1578.61, 432.4, 128.51, 106.07], "iscrowd": 0, "attributes": {"occluded": false}}, {"id": 65, "image_id": 19, "category_id": 3, "segmentation": [], "area": 15169.74400000001, "bbox": [729.81, 628.23, 132.8, 114.23], "iscrowd": 0, "attributes": {"occluded": false}}, {"id": 66, "image_id": 19, "category_id": 3, "segmentation": [], "area": 16781.529599999998, "bbox": [611.5, 662.9, 124.64, 134.64], "iscrowd": 0, "attributes": {"occluded": false}}, {"id": 67, "image_id": 19, "category_id": 3, "segmentation": [], "area": 29252.60050000001, "bbox": [1038.04, 208.01, 150.95, 193.79], "iscrowd": 0, "attributes": {"occluded": false}}, {"id": 68, "image_id": 19, "category_id": 3, "segmentation": [], "area": 22226.8997, "bbox": [960.32, 414.04, 187.87, 118.31], "iscrowd": 0, "attributes": {"occluded": false}}, {"id": 69, "image_id": 19, "category_id": 3, "segmentation": [], "area": 20813.40609999997, "bbox": [1315.46, 907.69, 167.27, 124.43], "iscrowd": 0, "attributes": {"occluded": false}}, {"id": 70, "image_id": 19, "category_id": 3, "segmentation": [], "area": 17617.54209999999, "bbox": [1774.43, 940.33, 148.91, 118.31], "iscrowd": 0, "attributes": {"occluded": false}}, {"id": 71, "image_id": 19, "category_id": 3, "segmentation": [], "area": 16492.726799999986, "bbox": [721.65, 562.95, 244.99, 67.32], "iscrowd": 0, "attributes": {"occluded": false}}, {"id": 72, "image_id": 20, "category_id": 3, "segmentation": [], "area": 5917.222100000001, "bbox": [1812.99, 1417.66, 87.91, 67.31], "iscrowd": 0, "attributes": {"occluded": false}}, {"id": 73, "image_id": 20, "category_id": 3, "segmentation": [], "area": 4311.823599999999, "bbox": [931.76, 1650.21, 49.16, 87.71], "iscrowd": 0, "attributes": {"occluded": false}}, {"id": 74, "image_id": 20, "category_id": 3, "segmentation": [], "area": 11077.730399999995, "bbox": [997.24, 330.4, 246.83, 44.88], "iscrowd": 0, "attributes": {"occluded": false}}, {"id": 75, "image_id": 20, "category_id": 3, "segmentation": [], "area": 12665.9705, "bbox": [854.25, 430.36, 100.15, 126.47], "iscrowd": 0, "attributes": {"occluded": false}}, {"id": 76, "image_id": 20, "category_id": 3, "segmentation": [], "area": 9288.058800000019, "bbox": [993.16, 1009.68, 63.24, 146.87], "iscrowd": 0, "attributes": {"occluded": false}}, {"id": 77, "image_id": 20, "category_id": 3, "segmentation": [], "area": 9902.5069, "bbox": [1468.45, 159.06, 138.71, 71.39], "iscrowd": 0, "attributes": {"occluded": false}}, {"id": 78, "image_id": 20, "category_id": 3, "segmentation": [], "area": 4979.844100000004, "bbox": [730.02, 477.28, 116.27, 42.83], "iscrowd": 0, "attributes": {"occluded": false}}, {"id": 79, "image_id": 20, "category_id": 3, "segmentation": [], "area": 5672.830000000006, "bbox": [793.05, 303.89, 81.8, 69.35], "iscrowd": 0, "attributes": {"occluded": false}}, {"id": 80, "image_id": 20, "category_id": 3, "segmentation": [], "area": 13732.260000000011, "bbox": [1690.8, 1327.9, 134.63, 102.0], "iscrowd": 0, "attributes": {"occluded": false}}, {"id": 81, "image_id": 20, "category_id": 3, "segmentation": [], "area": 12358.238399999995, "bbox": [1580.44, 1664.48, 106.28, 116.28], "iscrowd": 0, "attributes": {"occluded": false}}, {"id": 82, "image_id": 21, "category_id": 3, "segmentation": [], "area": 6425.5750000000035, "bbox": [2061.23, 932.93, 55.25, 116.3], "iscrowd": 0, "attributes": {"occluded": false}}, {"id": 83, "image_id": 21, "category_id": 3, "segmentation": [], "area": 4427.467200000001, "bbox": [963.21, 701.15, 104.52, 42.36], "iscrowd": 0, "attributes": {"occluded": false}}, {"id": 84, "image_id": 21, "category_id": 3, "segmentation": [], "area": 8509.567199999985, "bbox": [984.63, 1207.88, 56.67, 150.16], "iscrowd": 0, "attributes": {"occluded": false}}, {"id": 85, "image_id": 21, "category_id": 3, "segmentation": [], "area": 10095.223400000013, "bbox": [2004.57, 695.08, 60.91, 165.74], "iscrowd": 0, "attributes": {"occluded": false}}, {"id": 86, "image_id": 21, "category_id": 3, "segmentation": [], "area": 27893.173, "bbox": [1587.91, 235.71, 232.54, 119.95], "iscrowd": 0, "attributes": {"occluded": false}}, {"id": 87, "image_id": 21, "category_id": 3, "segmentation": [], "area": 2841.379999999998, "bbox": [830.23, 1251.8, 83.57, 34.0], "iscrowd": 0, "attributes": {"occluded": false}}, {"id": 88, "image_id": 21, "category_id": 3, "segmentation": [], "area": 8308.75, "bbox": [1986.15, 869.32, 97.75, 85.0], "iscrowd": 0, "attributes": {"occluded": false}}, {"id": 89, "image_id": 21, "category_id": 3, "segmentation": [], "area": 6930.025600000004, "bbox": [1102.57, 492.11, 112.72, 61.48], "iscrowd": 0, "attributes": {"occluded": false}}, {"id": 90, "image_id": 22, "category_id": 3, "segmentation": [], "area": 5461.9840000000095, "bbox": [1376.65, 1437.32, 103.84, 52.6], "iscrowd": 0, "attributes": {"occluded": false}}, {"id": 91, "image_id": 22, "category_id": 3, "segmentation": [], "area": 63964.955, "bbox": [511.75, 1193.27, 171.35, 373.3], "iscrowd": 0, "attributes": {"occluded": false}}, {"id": 92, "image_id": 22, "category_id": 3, "segmentation": [], "area": 6975.370000000003, "bbox": [1507.01, 1380.94, 77.72, 89.75], "iscrowd": 0, "attributes": {"occluded": false}}, {"id": 93, "image_id": 22, "category_id": 3, "segmentation": [], "area": 9362.579999999996, "bbox": [825.89, 1323.82, 91.79, 102.0], "iscrowd": 0, "attributes": {"occluded": false}}, {"id": 94, "image_id": 22, "category_id": 3, "segmentation": [], "area": 15653.144499999993, "bbox": [852.41, 316.13, 201.95, 77.51], "iscrowd": 0, "attributes": {"occluded": false}}, {"id": 95, "image_id": 23, "category_id": 3, "segmentation": [], "area": 7572.138099999999, "bbox": [1630.21, 180.53, 108.53, 69.77], "iscrowd": 0, "attributes": {"occluded": false}}, {"id": 96, "image_id": 23, "category_id": 3, "segmentation": [], "area": 14186.757000000009, "bbox": [1591.6, 813.98, 130.85, 108.42], "iscrowd": 0, "attributes": {"occluded": false}}, {"id": 97, "image_id": 23, "category_id": 3, "segmentation": [], "area": 4779.2909, "bbox": [1004.56, 279.84, 35.51, 134.59], "iscrowd": 0, "attributes": {"occluded": false}}, {"id": 98, "image_id": 23, "category_id": 3, "segmentation": [], "area": 71971.01449999999, "bbox": [960.32, 703.7, 304.15, 236.63], "iscrowd": 0, "attributes": {"occluded": false}}, {"id": 99, "image_id": 23, "category_id": 3, "segmentation": [], "area": 45345.95910000004, "bbox": [860.41, 1536.01, 210.51, 215.41], "iscrowd": 0, "attributes": {"occluded": false}}, {"id": 100, "image_id": 23, "category_id": 3, "segmentation": [], "area": 8179.683199999999, "bbox": [1413.91, 509.58, 94.76, 86.32], "iscrowd": 0, "attributes": {"occluded": false}}, {"id": 101, "image_id": 23, "category_id": 3, "segmentation": [], "area": 29559.13099999999, "bbox": [375.08, 768.98, 226.42, 130.55], "iscrowd": 0, "attributes": {"occluded": false}}, {"id": 102, "image_id": 23, "category_id": 3, "segmentation": [], "area": 50301.379199999974, "bbox": [1011.96, 604.97, 240.32, 209.31], "iscrowd": 0, "attributes": {"occluded": false}}, {"id": 103, "image_id": 23, "category_id": 3, "segmentation": [], "area": 5393.407999999994, "bbox": [1942.93, 702.3, 91.6, 58.88], "iscrowd": 0, "attributes": {"occluded": false}}]}