{"licenses": [{"name": "", "id": 0, "url": ""}], "info": {"contributor": "", "date_created": "", "description": "", "url": "", "version": "", "year": ""}, "categories": [{"id": 1, "name": "Hatched", "supercategory": ""}, {"id": 2, "name": "Unhatched", "supercategory": ""}, {"id": 3, "name": "Juvenile", "supercategory": ""}], "images": [{"id": 1, "width": 2592, "height": 1944, "file_name": "200224_C6.tif", "license": 0, "flickr_url": "", "coco_url": "", "date_captured": 0}, {"id": 2, "width": 2592, "height": 1944, "file_name": "200224_C5.tif", "license": 0, "flickr_url": "", "coco_url": "", "date_captured": 0}, {"id": 3, "width": 2592, "height": 1944, "file_name": "200224_C4.tif", "license": 0, "flickr_url": "", "coco_url": "", "date_captured": 0}, {"id": 4, "width": 2592, "height": 1944, "file_name": "200224_C3.tif", "license": 0, "flickr_url": "", "coco_url": "", "date_captured": 0}, {"id": 5, "width": 2592, "height": 1944, "file_name": "200224_B7.tif", "license": 0, "flickr_url": "", "coco_url": "", "date_captured": 0}, {"id": 6, "width": 2592, "height": 1944, "file_name": "200224_B6.tif", "license": 0, "flickr_url": "", "coco_url": "", "date_captured": 0}, {"id": 7, "width": 2592, "height": 1944, "file_name": "200224_B5.tif", "license": 0, "flickr_url": "", "coco_url": "", "date_captured": 0}, {"id": 8, "width": 2592, "height": 1944, "file_name": "200224_B4.tif", "license": 0, "flickr_url": "", "coco_url": "", "date_captured": 0}, {"id": 9, "width": 2592, "height": 1944, "file_name": "200224_B3.tif", "license": 0, "flickr_url": "", "coco_url": "", "date_captured": 0}, {"id": 10, "width": 2592, "height": 1944, "file_name": "200224_B2.tif", "license": 0, "flickr_url": "", "coco_url": "", "date_captured": 0}], "annotations": [{"id": 1, "image_id": 1, "category_id": 2, "segmentation": [], "area": 2211.0658999999937, "bbox": [1122.13, 301.96, 44.39, 49.81], "iscrowd": 0, "attributes": {"occluded": false}}, {"id": 2, "image_id": 1, "category_id": 2, "segmentation": [], "area": 922.7673000000005, "bbox": [1856.05, 440.85, 22.23, 41.51], "iscrowd": 0, "attributes": {"occluded": false}}, {"id": 3, "image_id": 1, "category_id": 2, "segmentation": [], "area": 1584.2599999999995, "bbox": [1447.53, 605.96, 45.2, 35.05], "iscrowd": 0, "attributes": {"occluded": false}}, {"id": 4, "image_id": 1, "category_id": 2, "segmentation": [], "area": 1463.4540000000025, "bbox": [1530.54, 598.58, 36.9, 39.66], "iscrowd": 0, "attributes": {"occluded": false}}, {"id": 5, "image_id": 1, "category_id": 2, "segmentation": [], "area": 1260.7484999999974, "bbox": [1547.15, 451.92, 35.05, 35.97], "iscrowd": 0, "attributes": {"occluded": false}}, {"id": 6, "image_id": 1, "category_id": 2, "segmentation": [], "area": 775.7855999999987, "bbox": [1511.17, 342.16, 44.28, 17.52], "iscrowd": 0, "attributes": {"occluded": false}}, {"id": 7, "image_id": 1, "category_id": 2, "segmentation": [], "area": 1292.7200000000066, "bbox": [1569.28, 192.73, 28.6, 45.2], "iscrowd": 0, "attributes": {"occluded": false}}, {"id": 8, "image_id": 1, "category_id": 2, "segmentation": [], "area": 827.6301000000042, "bbox": [1512.0, 227.78, 20.39, 40.59], "iscrowd": 0, "attributes": {"occluded": false}}, {"id": 9, "image_id": 1, "category_id": 2, "segmentation": [], "area": 1393.616000000002, "bbox": [939.29, 66.98, 32.2, 43.28], "iscrowd": 0, "attributes": {"occluded": false}}, {"id": 10, "image_id": 1, "category_id": 2, "segmentation": [], "area": 1092.7030000000018, "bbox": [608.46, 770.89, 31.49, 34.7], "iscrowd": 0, "attributes": {"occluded": false}}, {"id": 11, "image_id": 1, "category_id": 2, "segmentation": [], "area": 1540.9485000000016, "bbox": [794.62, 124.87, 40.95, 37.63], "iscrowd": 0, "attributes": {"occluded": false}}, {"id": 12, "image_id": 1, "category_id": 2, "segmentation": [], "area": 1238.0504999999982, "bbox": [714.82, 238.87, 39.95, 30.99], "iscrowd": 0, "attributes": {"occluded": false}}, {"id": 13, "image_id": 1, "category_id": 2, "segmentation": [], "area": 1143.5424000000014, "bbox": [490.12, 357.3, 33.32, 34.32], "iscrowd": 0, "attributes": {"occluded": false}}, {"id": 14, "image_id": 1, "category_id": 2, "segmentation": [], "area": 859.7472000000037, "bbox": [625.27, 320.78, 19.92, 43.16], "iscrowd": 0, "attributes": {"occluded": false}}, {"id": 15, "image_id": 1, "category_id": 2, "segmentation": [], "area": 923.8379999999997, "bbox": [847.75, 437.0, 28.78, 32.1], "iscrowd": 0, "attributes": {"occluded": false}}, {"id": 16, "image_id": 1, "category_id": 2, "segmentation": [], "area": 906.2234999999984, "bbox": [954.01, 532.19, 22.13, 40.95], "iscrowd": 0, "attributes": {"occluded": false}}, {"id": 17, "image_id": 1, "category_id": 2, "segmentation": [], "area": 1296.666000000007, "bbox": [1901.25, 515.56, 35.14, 36.9], "iscrowd": 0, "attributes": {"occluded": false}}, {"id": 18, "image_id": 1, "category_id": 2, "segmentation": [], "area": 961.9830000000004, "bbox": [1892.94, 580.13, 43.45, 22.14], "iscrowd": 0, "attributes": {"occluded": false}}, {"id": 19, "image_id": 1, "category_id": 2, "segmentation": [], "area": 1044.1400000000028, "bbox": [1892.02, 602.27, 31.45, 33.2], "iscrowd": 0, "attributes": {"occluded": false}}, {"id": 20, "image_id": 1, "category_id": 2, "segmentation": [], "area": 877.6757999999946, "bbox": [2010.18, 735.09, 22.13, 39.66], "iscrowd": 0, "attributes": {"occluded": false}}, {"id": 21, "image_id": 1, "category_id": 2, "segmentation": [], "area": 1058.7480000000035, "bbox": [2102.32, 700.04, 42.52, 24.9], "iscrowd": 0, "attributes": {"occluded": false}}, {"id": 22, "image_id": 1, "category_id": 2, "segmentation": [], "area": 1227.7360000000024, "bbox": [1661.43, 719.41, 36.98, 33.2], "iscrowd": 0, "attributes": {"occluded": false}}, {"id": 23, "image_id": 1, "category_id": 2, "segmentation": [], "area": 1497.0423, "bbox": [1596.96, 734.17, 50.73, 29.51], "iscrowd": 0, "attributes": {"occluded": false}}, {"id": 24, "image_id": 1, "category_id": 2, "segmentation": [], "area": 1042.3119999999985, "bbox": [1541.61, 761.84, 45.2, 23.06], "iscrowd": 0, "attributes": {"occluded": false}}, {"id": 25, "image_id": 1, "category_id": 2, "segmentation": [], "area": 662.9845999999978, "bbox": [1886.58, 700.96, 17.53, 37.82], "iscrowd": 0, "attributes": {"occluded": false}}, {"id": 26, "image_id": 1, "category_id": 2, "segmentation": [], "area": 484.74149999999685, "bbox": [1909.64, 705.57, 13.83, 35.05], "iscrowd": 0, "attributes": {"occluded": false}}, {"id": 27, "image_id": 1, "category_id": 2, "segmentation": [], "area": 683.6295000000076, "bbox": [1920.62, 700.96, 15.77, 43.35], "iscrowd": 0, "attributes": {"occluded": false}}, {"id": 28, "image_id": 1, "category_id": 2, "segmentation": [], "area": 1041.6567999999918, "bbox": [2102.32, 805.19, 34.22, 30.44], "iscrowd": 0, "attributes": {"occluded": false}}, {"id": 29, "image_id": 1, "category_id": 2, "segmentation": [], "area": 900.9402999999922, "bbox": [2131.84, 815.34, 30.53, 29.51], "iscrowd": 0, "attributes": {"occluded": false}}, {"id": 30, "image_id": 1, "category_id": 2, "segmentation": [], "area": 1361.3236000000043, "bbox": [1203.01, 689.89, 35.14, 38.74], "iscrowd": 0, "attributes": {"occluded": false}}, {"id": 31, "image_id": 1, "category_id": 2, "segmentation": [], "area": 1041.691200000002, "bbox": [1207.62, 580.13, 43.44, 23.98], "iscrowd": 0, "attributes": {"occluded": false}}, {"id": 32, "image_id": 1, "category_id": 2, "segmentation": [], "area": 1286.5553999999972, "bbox": [375.73, 642.85, 38.74, 33.21], "iscrowd": 0, "attributes": {"occluded": false}}, {"id": 33, "image_id": 1, "category_id": 2, "segmentation": [], "area": 1084.2259999999999, "bbox": [442.97, 899.27, 37.91, 28.6], "iscrowd": 0, "attributes": {"occluded": false}}, {"id": 34, "image_id": 1, "category_id": 2, "segmentation": [], "area": 1605.7645999999986, "bbox": [1124.28, 976.85, 46.49, 34.54], "iscrowd": 0, "attributes": {"occluded": false}}, {"id": 35, "image_id": 1, "category_id": 2, "segmentation": [], "area": 1205.3204000000046, "bbox": [1047.25, 1048.57, 26.69, 45.16], "iscrowd": 0, "attributes": {"occluded": false}}, {"id": 36, "image_id": 1, "category_id": 2, "segmentation": [], "area": 1051.0835999999945, "bbox": [1029.98, 1207.96, 43.96, 23.91], "iscrowd": 0, "attributes": {"occluded": false}}, {"id": 37, "image_id": 1, "category_id": 2, "segmentation": [], "area": 1359.3632000000043, "bbox": [968.88, 1231.87, 42.64, 31.88], "iscrowd": 0, "attributes": {"occluded": false}}, {"id": 38, "image_id": 1, "category_id": 2, "segmentation": [], "area": 1816.5224000000069, "bbox": [1265.21, 1089.75, 56.98, 31.88], "iscrowd": 0, "attributes": {"occluded": false}}, {"id": 39, "image_id": 1, "category_id": 2, "segmentation": [], "area": 1735.8659999999938, "bbox": [1578.67, 991.46, 54.45, 31.88], "iscrowd": 0, "attributes": {"occluded": false}}, {"id": 40, "image_id": 1, "category_id": 2, "segmentation": [], "area": 1143.3761999999942, "bbox": [1803.13, 1020.68, 23.91, 47.82], "iscrowd": 0, "attributes": {"occluded": false}}, {"id": 41, "image_id": 1, "category_id": 2, "segmentation": [], "area": 1192.6661999999978, "bbox": [1741.9, 1032.64, 34.54, 34.53], "iscrowd": 0, "attributes": {"occluded": false}}, {"id": 42, "image_id": 1, "category_id": 2, "segmentation": [], "area": 1176.400799999998, "bbox": [1793.71, 1148.19, 30.54, 38.52], "iscrowd": 0, "attributes": {"occluded": false}}, {"id": 43, "image_id": 1, "category_id": 2, "segmentation": [], "area": 1411.0000000000018, "bbox": [1860.12, 1084.44, 42.5, 33.2], "iscrowd": 0, "attributes": {"occluded": false}}, {"id": 44, "image_id": 1, "category_id": 2, "segmentation": [], "area": 1273.6103999999898, "bbox": [1988.95, 1100.38, 50.48, 25.23], "iscrowd": 0, "attributes": {"occluded": false}}, {"id": 45, "image_id": 1, "category_id": 2, "segmentation": [], "area": 1307.0532000000117, "bbox": [2084.72, 1146.86, 31.74, 41.18], "iscrowd": 0, "attributes": {"occluded": false}}, {"id": 46, "image_id": 1, "category_id": 2, "segmentation": [], "area": 1072.70000000001, "bbox": [2182.87, 948.96, 25.24, 42.5], "iscrowd": 0, "attributes": {"occluded": false}}, {"id": 47, "image_id": 1, "category_id": 2, "segmentation": [], "area": 1679.5004000000056, "bbox": [1605.1, 1371.33, 37.19, 45.16], "iscrowd": 0, "attributes": {"occluded": false}}, {"id": 48, "image_id": 1, "category_id": 2, "segmentation": [], "area": 1429.0209999999927, "bbox": [1474.93, 1453.68, 39.85, 35.86], "iscrowd": 0, "attributes": {"occluded": false}}, {"id": 49, "image_id": 1, "category_id": 2, "segmentation": [], "area": 2123.920899999995, "bbox": [1753.86, 1593.14, 57.11, 37.19], "iscrowd": 0, "attributes": {"occluded": false}}, {"id": 50, "image_id": 1, "category_id": 2, "segmentation": [], "area": 875.0749999999965, "bbox": [1639.63, 1619.71, 41.18, 21.25], "iscrowd": 0, "attributes": {"occluded": false}}, {"id": 51, "image_id": 1, "category_id": 2, "segmentation": [], "area": 1566.902000000001, "bbox": [1532.04, 1593.14, 31.88, 49.15], "iscrowd": 0, "attributes": {"occluded": false}}, {"id": 52, "image_id": 1, "category_id": 2, "segmentation": [], "area": 1206.7377000000047, "bbox": [1432.43, 1607.75, 50.47, 23.91], "iscrowd": 0, "attributes": {"occluded": false}}, {"id": 53, "image_id": 1, "category_id": 2, "segmentation": [], "area": 1542.1640000000098, "bbox": [2020.83, 1025.99, 30.55, 50.48], "iscrowd": 0, "attributes": {"occluded": false}}, {"id": 54, "image_id": 1, "category_id": 2, "segmentation": [], "area": 1148.5101999999995, "bbox": [1395.24, 1585.17, 27.89, 41.18], "iscrowd": 0, "attributes": {"occluded": false}}, {"id": 55, "image_id": 1, "category_id": 2, "segmentation": [], "area": 1300.231800000008, "bbox": [1302.26, 1692.76, 46.62, 27.89], "iscrowd": 0, "attributes": {"occluded": false}}, {"id": 56, "image_id": 1, "category_id": 2, "segmentation": [], "area": 2226.179799999988, "bbox": [1522.75, 1840.19, 79.82, 27.89], "iscrowd": 0, "attributes": {"occluded": false}}, {"id": 57, "image_id": 1, "category_id": 2, "segmentation": [], "area": 1790.4096, "bbox": [1651.59, 1747.22, 46.48, 38.52], "iscrowd": 0, "attributes": {"occluded": false}}, {"id": 58, "image_id": 1, "category_id": 2, "segmentation": [], "area": 1226.3233000000052, "bbox": [1085.76, 1888.01, 43.97, 27.89], "iscrowd": 0, "attributes": {"occluded": false}}, {"id": 59, "image_id": 1, "category_id": 2, "segmentation": [], "area": 1524.0233999999982, "bbox": [935.68, 1646.27, 31.87, 47.82], "iscrowd": 0, "attributes": {"occluded": false}}, {"id": 60, "image_id": 1, "category_id": 2, "segmentation": [], "area": 1134.7500000000018, "bbox": [1162.8, 1453.68, 26.7, 42.5], "iscrowd": 0, "attributes": {"occluded": false}}, {"id": 61, "image_id": 1, "category_id": 2, "segmentation": [], "area": 765.9479999999975, "bbox": [1132.25, 1518.76, 41.18, 18.6], "iscrowd": 0, "attributes": {"occluded": false}}, {"id": 62, "image_id": 1, "category_id": 2, "segmentation": [], "area": 764.3229999999925, "bbox": [1311.56, 1521.42, 47.95, 15.94], "iscrowd": 0, "attributes": {"occluded": false}}, {"id": 63, "image_id": 1, "category_id": 2, "segmentation": [], "area": 846.8124999999981, "bbox": [735.12, 1593.14, 21.25, 39.85], "iscrowd": 0, "attributes": {"occluded": false}}, {"id": 64, "image_id": 1, "category_id": 2, "segmentation": [], "area": 1191.2749999999987, "bbox": [466.81, 1516.11, 28.03, 42.5], "iscrowd": 0, "attributes": {"occluded": false}}, {"id": 65, "image_id": 1, "category_id": 2, "segmentation": [], "area": 1185.6172000000015, "bbox": [441.58, 1481.57, 31.88, 37.19], "iscrowd": 0, "attributes": {"occluded": false}}, {"id": 66, "image_id": 1, "category_id": 2, "segmentation": [], "area": 762.2507999999953, "bbox": [461.5, 1393.91, 31.88, 23.91], "iscrowd": 0, "attributes": {"occluded": false}}, {"id": 67, "image_id": 1, "category_id": 2, "segmentation": [], "area": 1058.4160000000031, "bbox": [494.71, 1364.69, 31.88, 33.2], "iscrowd": 0, "attributes": {"occluded": false}}, {"id": 68, "image_id": 1, "category_id": 2, "segmentation": [], "area": 1217.1795999999986, "bbox": [1214.0, 256.58, 33.32, 36.53], "iscrowd": 0, "attributes": {"occluded": false}}, {"id": 69, "image_id": 1, "category_id": 2, "segmentation": [], "area": 1014.1825000000017, "bbox": [1080.19, 202.34, 25.45, 39.85], "iscrowd": 0, "attributes": {"occluded": false}}, {"id": 70, "image_id": 2, "category_id": 2, "segmentation": [], "area": 1249.6922999999927, "bbox": [673.2, 1635.16, 37.63, 33.21], "iscrowd": 0, "attributes": {"occluded": false}}, {"id": 71, "image_id": 2, "category_id": 2, "segmentation": [], "area": 1168.4019999999987, "bbox": [2200.17, 1010.19, 36.65, 31.88], "iscrowd": 0, "attributes": {"occluded": false}}, {"id": 72, "image_id": 2, "category_id": 2, "segmentation": [], "area": 995.6952999999975, "bbox": [2193.79, 946.43, 22.31, 44.63], "iscrowd": 0, "attributes": {"occluded": false}}, {"id": 73, "image_id": 2, "category_id": 2, "segmentation": [], "area": 1149.2610000000036, "bbox": [1927.85, 254.83, 45.3, 25.37], "iscrowd": 0, "attributes": {"occluded": false}}, {"id": 74, "image_id": 2, "category_id": 2, "segmentation": [], "area": 1173.8127999999956, "bbox": [1891.99, 211.0, 29.36, 39.98], "iscrowd": 0, "attributes": {"occluded": false}}, {"id": 75, "image_id": 2, "category_id": 2, "segmentation": [], "area": 2084.915699999998, "bbox": [2158.96, 535.22, 41.31, 50.47], "iscrowd": 0, "attributes": {"occluded": false}}, {"id": 76, "image_id": 2, "category_id": 2, "segmentation": [], "area": 2321.748000000005, "bbox": [2003.56, 507.33, 42.64, 54.45], "iscrowd": 0, "attributes": {"occluded": false}}, {"id": 77, "image_id": 2, "category_id": 2, "segmentation": [], "area": 1810.2449000000017, "bbox": [1965.04, 504.67, 43.97, 41.17], "iscrowd": 0, "attributes": {"occluded": false}}, {"id": 78, "image_id": 2, "category_id": 2, "segmentation": [], "area": 1432.5588000000014, "bbox": [1552.1, 896.49, 37.19, 38.52], "iscrowd": 0, "attributes": {"occluded": false}}, {"id": 79, "image_id": 2, "category_id": 2, "segmentation": [], "area": 1475.025600000002, "bbox": [1708.83, 791.56, 29.22, 50.48], "iscrowd": 0, "attributes": {"occluded": false}}, {"id": 80, "image_id": 2, "category_id": 2, "segmentation": [], "area": 1129.0124999999998, "bbox": [1734.07, 731.79, 21.25, 53.13], "iscrowd": 0, "attributes": {"occluded": false}}, {"id": 81, "image_id": 2, "category_id": 2, "segmentation": [], "area": 1339.6362000000008, "bbox": [1752.53, 678.67, 28.02, 47.81], "iscrowd": 0, "attributes": {"occluded": false}}, {"id": 82, "image_id": 2, "category_id": 2, "segmentation": [], "area": 2083.7080000000087, "bbox": [1769.8, 941.65, 50.6, 41.18], "iscrowd": 0, "attributes": {"occluded": false}}, {"id": 83, "image_id": 2, "category_id": 2, "segmentation": [], "area": 1591.3212000000026, "bbox": [1858.92, 1430.44, 54.46, 29.22], "iscrowd": 0, "attributes": {"occluded": false}}, {"id": 84, "image_id": 2, "category_id": 2, "segmentation": [], "area": 1241.6462999999885, "bbox": [1971.69, 1302.93, 51.93, 23.91], "iscrowd": 0, "attributes": {"occluded": false}}, {"id": 85, "image_id": 2, "category_id": 2, "segmentation": [], "area": 1016.1750000000035, "bbox": [1657.03, 1176.75, 42.5, 23.91], "iscrowd": 0, "attributes": {"occluded": false}}, {"id": 86, "image_id": 2, "category_id": 2, "segmentation": [], "area": 1880.5037999999997, "bbox": [1850.95, 1116.98, 34.53, 54.46], "iscrowd": 0, "attributes": {"occluded": false}}, {"id": 87, "image_id": 2, "category_id": 2, "segmentation": [], "area": 1755.6749999999977, "bbox": [1832.22, 1217.92, 41.31, 42.5], "iscrowd": 0, "attributes": {"occluded": false}}, {"id": 88, "image_id": 2, "category_id": 2, "segmentation": [], "area": 1432.5588000000012, "bbox": [1752.66, 1361.37, 37.19, 38.52], "iscrowd": 0, "attributes": {"occluded": false}}, {"id": 89, "image_id": 2, "category_id": 2, "segmentation": [], "area": 1635.7640000000017, "bbox": [1739.25, 1415.83, 49.27, 33.2], "iscrowd": 0, "attributes": {"occluded": false}}, {"id": 90, "image_id": 2, "category_id": 2, "segmentation": [], "area": 1169.644000000007, "bbox": [1686.25, 1425.12, 51.8, 22.58], "iscrowd": 0, "attributes": {"occluded": false}}, {"id": 91, "image_id": 2, "category_id": 2, "segmentation": [], "area": 1145.0320000000027, "bbox": [1537.11, 1775.62, 29.21, 39.2], "iscrowd": 0, "attributes": {"occluded": false}}, {"id": 92, "image_id": 2, "category_id": 2, "segmentation": [], "area": 1235.1920000000011, "bbox": [1258.86, 1895.53, 31.51, 39.2], "iscrowd": 0, "attributes": {"occluded": false}}, {"id": 93, "image_id": 2, "category_id": 2, "segmentation": [], "area": 749.6974999999975, "bbox": [1323.43, 1871.7, 20.75, 36.13], "iscrowd": 0, "attributes": {"occluded": false}}, {"id": 94, "image_id": 2, "category_id": 2, "segmentation": [], "area": 982.8622999999974, "bbox": [1378.77, 1857.09, 24.59, 39.97], "iscrowd": 0, "attributes": {"occluded": false}}, {"id": 95, "image_id": 2, "category_id": 2, "segmentation": [], "area": 976.747799999997, "bbox": [1363.39, 1801.75, 43.82, 22.29], "iscrowd": 0, "attributes": {"occluded": false}}, {"id": 96, "image_id": 2, "category_id": 2, "segmentation": [], "area": 765.8595000000017, "bbox": [1391.83, 1768.7, 18.45, 41.51], "iscrowd": 0, "attributes": {"occluded": false}}, {"id": 97, "image_id": 2, "category_id": 2, "segmentation": [], "area": 1002.2039999999965, "bbox": [1189.68, 1854.02, 24.6, 40.74], "iscrowd": 0, "attributes": {"occluded": false}}, {"id": 98, "image_id": 2, "category_id": 2, "segmentation": [], "area": 960.3801000000005, "bbox": [881.29, 1758.02, 30.99, 30.99], "iscrowd": 0, "attributes": {"occluded": false}}, {"id": 99, "image_id": 2, "category_id": 2, "segmentation": [], "area": 1269.7600000000011, "bbox": [835.9, 1690.5, 31.0, 40.96], "iscrowd": 0, "attributes": {"occluded": false}}, {"id": 100, "image_id": 2, "category_id": 2, "segmentation": [], "area": 1024.1609999999996, "bbox": [865.79, 1526.69, 24.35, 42.06], "iscrowd": 0, "attributes": {"occluded": false}}, {"id": 101, "image_id": 2, "category_id": 2, "segmentation": [], "area": 1290.0524000000019, "bbox": [728.54, 1502.34, 29.89, 43.16], "iscrowd": 0, "attributes": {"occluded": false}}, {"id": 102, "image_id": 2, "category_id": 2, "segmentation": [], "area": 926.2800000000034, "bbox": [628.92, 1292.04, 23.25, 39.84], "iscrowd": 0, "attributes": {"occluded": false}}, {"id": 103, "image_id": 2, "category_id": 2, "segmentation": [], "area": 1025.5259000000046, "bbox": [932.2, 1204.6, 29.89, 34.31], "iscrowd": 0, "attributes": {"occluded": false}}, {"id": 104, "image_id": 2, "category_id": 2, "segmentation": [], "area": 1359.949500000003, "bbox": [1269.79, 1044.1, 40.95, 33.21], "iscrowd": 0, "attributes": {"occluded": false}}, {"id": 105, "image_id": 2, "category_id": 2, "segmentation": [], "area": 1172.6130000000041, "bbox": [1246.54, 1034.14, 32.1, 36.53], "iscrowd": 0, "attributes": {"occluded": false}}, {"id": 106, "image_id": 2, "category_id": 2, "segmentation": [], "area": 1450.8031999999996, "bbox": [998.61, 661.13, 35.42, 40.96], "iscrowd": 0, "attributes": {"occluded": false}}, {"id": 107, "image_id": 2, "category_id": 2, "segmentation": [], "area": 954.3414000000062, "bbox": [1076.09, 697.66, 45.38, 21.03], "iscrowd": 0, "attributes": {"occluded": false}}, {"id": 108, "image_id": 2, "category_id": 2, "segmentation": [], "area": 1025.1827999999944, "bbox": [1326.24, 875.86, 29.88, 34.31], "iscrowd": 0, "attributes": {"occluded": false}}, {"id": 109, "image_id": 2, "category_id": 2, "segmentation": [], "area": 1303.8599999999983, "bbox": [1256.51, 814.98, 42.06, 31.0], "iscrowd": 0, "attributes": {"occluded": false}}, {"id": 110, "image_id": 2, "category_id": 2, "segmentation": [], "area": 969.9712000000017, "bbox": [1312.96, 635.68, 36.52, 26.56], "iscrowd": 0, "attributes": {"occluded": false}}, {"id": 111, "image_id": 2, "category_id": 2, "segmentation": [], "area": 1443.0785999999982, "bbox": [1553.14, 378.89, 42.06, 34.31], "iscrowd": 0, "attributes": {"occluded": false}}, {"id": 112, "image_id": 2, "category_id": 2, "segmentation": [], "area": 1671.3839999999966, "bbox": [1022.96, 414.31, 34.32, 48.7], "iscrowd": 0, "attributes": {"occluded": false}}, {"id": 113, "image_id": 2, "category_id": 2, "segmentation": [], "area": 1631.4479999999962, "bbox": [1186.78, 212.86, 39.84, 40.95], "iscrowd": 0, "attributes": {"occluded": false}}, {"id": 114, "image_id": 2, "category_id": 2, "segmentation": [], "area": 2141.274600000002, "bbox": [880.18, 244.96, 50.91, 42.06], "iscrowd": 0, "attributes": {"occluded": false}}, {"id": 115, "image_id": 2, "category_id": 2, "segmentation": [], "area": 1509.2130000000002, "bbox": [796.06, 329.08, 30.99, 48.7], "iscrowd": 0, "attributes": {"occluded": false}}, {"id": 116, "image_id": 3, "category_id": 2, "segmentation": [], "area": 1133.3631999999916, "bbox": [2014.7, 604.35, 27.67, 40.96], "iscrowd": 0, "attributes": {"occluded": false}}, {"id": 117, "image_id": 3, "category_id": 2, "segmentation": [], "area": 1406.3261999999968, "bbox": [1682.64, 764.85, 45.38, 30.99], "iscrowd": 0, "attributes": {"occluded": false}}, {"id": 118, "image_id": 3, "category_id": 2, "segmentation": [], "area": 1029.5099999999993, "bbox": [1640.58, 706.18, 44.28, 23.25], "iscrowd": 0, "attributes": {"occluded": false}}, {"id": 119, "image_id": 3, "category_id": 2, "segmentation": [], "area": 1497.135599999998, "bbox": [1739.09, 432.79, 28.78, 52.02], "iscrowd": 0, "attributes": {"occluded": false}}, {"id": 120, "image_id": 3, "category_id": 2, "segmentation": [], "area": 1318.9994999999992, "bbox": [1753.37, 627.6, 32.21, 40.95], "iscrowd": 0, "attributes": {"occluded": false}}, {"id": 121, "image_id": 3, "category_id": 2, "segmentation": [], "area": 1314.8159999999948, "bbox": [1643.9, 354.2, 40.96, 32.1], "iscrowd": 0, "attributes": {"occluded": false}}, {"id": 122, "image_id": 3, "category_id": 2, "segmentation": [], "area": 1385.3253000000013, "bbox": [1685.96, 318.79, 43.17, 32.09], "iscrowd": 0, "attributes": {"occluded": false}}, {"id": 123, "image_id": 3, "category_id": 2, "segmentation": [], "area": 1168.8473999999985, "bbox": [748.35, 240.2, 27.79, 42.06], "iscrowd": 0, "attributes": {"occluded": false}}, {"id": 124, "image_id": 3, "category_id": 2, "segmentation": [], "area": 1769.0292000000009, "bbox": [1497.69, 785.88, 39.96, 44.27], "iscrowd": 0, "attributes": {"occluded": false}}, {"id": 125, "image_id": 3, "category_id": 2, "segmentation": [], "area": 1239.902000000003, "bbox": [1305.21, 655.27, 48.7, 25.46], "iscrowd": 0, "attributes": {"occluded": false}}, {"id": 126, "image_id": 3, "category_id": 2, "segmentation": [], "area": 1332.478300000007, "bbox": [1179.03, 866.68, 37.63, 35.41], "iscrowd": 0, "attributes": {"occluded": false}}, {"id": 127, "image_id": 3, "category_id": 2, "segmentation": [], "area": 1332.8546000000024, "bbox": [1112.62, 839.0, 37.63, 35.42], "iscrowd": 0, "attributes": {"occluded": false}}, {"id": 128, "image_id": 3, "category_id": 2, "segmentation": [], "area": 1332.9434999999949, "bbox": [1203.27, 786.98, 38.85, 34.31], "iscrowd": 0, "attributes": {"occluded": false}}, {"id": 129, "image_id": 3, "category_id": 2, "segmentation": [], "area": 1291.085300000002, "bbox": [652.17, 788.09, 34.31, 37.63], "iscrowd": 0, "attributes": {"occluded": false}}, {"id": 130, "image_id": 3, "category_id": 2, "segmentation": [], "area": 1456.6980000000008, "bbox": [563.62, 713.93, 45.38, 32.1], "iscrowd": 0, "attributes": {"occluded": false}}, {"id": 131, "image_id": 3, "category_id": 2, "segmentation": [], "area": 1860.6312999999977, "bbox": [876.86, 565.61, 54.23, 34.31], "iscrowd": 0, "attributes": {"occluded": false}}, {"id": 132, "image_id": 3, "category_id": 2, "segmentation": [], "area": 1755.5950000000028, "bbox": [812.55, 488.13, 31.1, 56.45], "iscrowd": 0, "attributes": {"occluded": false}}, {"id": 133, "image_id": 3, "category_id": 2, "segmentation": [], "area": 1286.3782999999983, "bbox": [541.48, 530.19, 46.49, 27.67], "iscrowd": 0, "attributes": {"occluded": false}}, {"id": 134, "image_id": 3, "category_id": 2, "segmentation": [], "area": 1219.156400000001, "bbox": [613.32, 494.77, 34.42, 35.42], "iscrowd": 0, "attributes": {"occluded": false}}, {"id": 135, "image_id": 3, "category_id": 2, "segmentation": [], "area": 1670.8970000000045, "bbox": [873.54, 1486.51, 34.31, 48.7], "iscrowd": 0, "attributes": {"occluded": false}}, {"id": 136, "image_id": 3, "category_id": 2, "segmentation": [], "area": 1473.4936000000007, "bbox": [838.37, 1434.16, 31.88, 46.22], "iscrowd": 0, "attributes": {"occluded": false}}, {"id": 137, "image_id": 3, "category_id": 2, "segmentation": [], "area": 1378.7631999999908, "bbox": [1859.63, 1514.18, 36.64, 37.63], "iscrowd": 0, "attributes": {"occluded": false}}, {"id": 138, "image_id": 3, "category_id": 2, "segmentation": [], "area": 1321.1072000000063, "bbox": [854.31, 1029.31, 41.44, 31.88], "iscrowd": 0, "attributes": {"occluded": false}}, {"id": 139, "image_id": 3, "category_id": 2, "segmentation": [], "area": 1371.9558000000045, "bbox": [666.23, 1126.54, 57.38, 23.91], "iscrowd": 0, "attributes": {"occluded": false}}, {"id": 140, "image_id": 3, "category_id": 2, "segmentation": [], "area": 1920.8751999999984, "bbox": [567.41, 1053.22, 43.04, 44.63], "iscrowd": 0, "attributes": {"occluded": false}}, {"id": 141, "image_id": 3, "category_id": 2, "segmentation": [], "area": 3251.7599999999993, "bbox": [420.78, 1201.45, 51.0, 63.76], "iscrowd": 0, "attributes": {"occluded": false}}, {"id": 142, "image_id": 3, "category_id": 2, "segmentation": [], "area": 1422.4719999999968, "bbox": [770.08, 1743.26, 33.05, 43.04], "iscrowd": 0, "attributes": {"occluded": false}}, {"id": 143, "image_id": 3, "category_id": 2, "segmentation": [], "area": 978.7647999999995, "bbox": [682.45, 1694.83, 35.36, 27.68], "iscrowd": 0, "attributes": {"occluded": false}}, {"id": 144, "image_id": 3, "category_id": 2, "segmentation": [], "area": 1212.7960000000091, "bbox": [2169.66, 1286.17, 33.2, 36.53], "iscrowd": 0, "attributes": {"occluded": false}}, {"id": 145, "image_id": 3, "category_id": 2, "segmentation": [], "area": 1758.0212000000047, "bbox": [1449.1, 1513.07, 45.38, 38.74], "iscrowd": 0, "attributes": {"occluded": false}}, {"id": 146, "image_id": 3, "category_id": 2, "segmentation": [], "area": 1701.8319999999958, "bbox": [1644.9, 1575.06, 46.6, 36.52], "iscrowd": 0, "attributes": {"occluded": false}}, {"id": 147, "image_id": 3, "category_id": 2, "segmentation": [], "area": 771.7007999999985, "bbox": [1783.37, 1586.13, 19.92, 38.74], "iscrowd": 0, "attributes": {"occluded": false}}, {"id": 148, "image_id": 3, "category_id": 2, "segmentation": [], "area": 969.9711999999976, "bbox": [1322.92, 1500.9, 26.56, 36.52], "iscrowd": 0, "attributes": {"occluded": false}}, {"id": 149, "image_id": 3, "category_id": 2, "segmentation": [], "area": 1004.7131999999916, "bbox": [1058.38, 1711.2, 45.38, 22.14], "iscrowd": 0, "attributes": {"occluded": false}}, {"id": 150, "image_id": 3, "category_id": 2, "segmentation": [], "area": 1029.3217999999977, "bbox": [1052.85, 1766.54, 38.74, 26.57], "iscrowd": 0, "attributes": {"occluded": false}}, {"id": 151, "image_id": 3, "category_id": 2, "segmentation": [], "area": 1286.3783000000037, "bbox": [1166.85, 1295.03, 46.49, 27.67], "iscrowd": 0, "attributes": {"occluded": false}}, {"id": 152, "image_id": 3, "category_id": 2, "segmentation": [], "area": 1500.4079999999974, "bbox": [1021.74, 1301.67, 36.64, 40.95], "iscrowd": 0, "attributes": {"occluded": false}}, {"id": 153, "image_id": 3, "category_id": 2, "segmentation": [], "area": 818.9635999999953, "bbox": [1971.42, 1318.27, 21.14, 38.74], "iscrowd": 0, "attributes": {"occluded": false}}, {"id": 154, "image_id": 3, "category_id": 2, "segmentation": [], "area": 1646.6757999999932, "bbox": [1853.1, 1216.44, 46.49, 35.42], "iscrowd": 0, "attributes": {"occluded": false}}, {"id": 155, "image_id": 3, "category_id": 2, "segmentation": [], "area": 1176.6313000000005, "bbox": [2137.45, 1179.91, 32.21, 36.53], "iscrowd": 0, "attributes": {"occluded": false}}, {"id": 156, "image_id": 3, "category_id": 2, "segmentation": [], "area": 1172.6129999999926, "bbox": [2153.05, 1008.35, 36.53, 32.1], "iscrowd": 0, "attributes": {"occluded": false}}, {"id": 157, "image_id": 3, "category_id": 2, "segmentation": [], "area": 1561.979600000003, "bbox": [1912.76, 1008.35, 34.42, 45.38], "iscrowd": 0, "attributes": {"occluded": false}}, {"id": 158, "image_id": 3, "category_id": 2, "segmentation": [], "area": 1405.4040000000114, "bbox": [2154.16, 638.66, 40.95, 34.32], "iscrowd": 0, "attributes": {"occluded": false}}, {"id": 159, "image_id": 3, "category_id": 2, "segmentation": [], "area": 1176.0767999999969, "bbox": [1984.81, 873.32, 44.28, 26.56], "iscrowd": 0, "attributes": {"occluded": false}}, {"id": 160, "image_id": 4, "category_id": 2, "segmentation": [], "area": 2045.261400000001, "bbox": [894.63, 723.29, 36.66, 55.79], "iscrowd": 0, "attributes": {"occluded": false}}, {"id": 161, "image_id": 4, "category_id": 2, "segmentation": [], "area": 1219.1550000000043, "bbox": [1857.33, 1698.74, 47.81, 25.5], "iscrowd": 0, "attributes": {"occluded": false}}, {"id": 162, "image_id": 4, "category_id": 2, "segmentation": [], "area": 1326.0517999999863, "bbox": [2200.01, 1383.15, 46.22, 28.69], "iscrowd": 0, "attributes": {"occluded": false}}, {"id": 163, "image_id": 4, "category_id": 2, "segmentation": [], "area": 2708.104, "bbox": [2219.13, 1268.39, 41.44, 65.35], "iscrowd": 0, "attributes": {"occluded": false}}, {"id": 164, "image_id": 4, "category_id": 2, "segmentation": [], "area": 1509.062100000006, "bbox": [2305.2, 1203.05, 35.07, 43.03], "iscrowd": 0, "attributes": {"occluded": false}}, {"id": 165, "image_id": 4, "category_id": 2, "segmentation": [], "area": 1371.6689000000076, "bbox": [2335.48, 1195.08, 28.69, 47.81], "iscrowd": 0, "attributes": {"occluded": false}}, {"id": 166, "image_id": 4, "category_id": 2, "segmentation": [], "area": 1694.425200000013, "bbox": [2254.2, 952.81, 46.22, 36.66], "iscrowd": 0, "attributes": {"occluded": false}}, {"id": 167, "image_id": 4, "category_id": 2, "segmentation": [], "area": 3474.9327999999896, "bbox": [2113.94, 1061.19, 60.56, 57.38], "iscrowd": 0, "attributes": {"occluded": false}}, {"id": 168, "image_id": 4, "category_id": 2, "segmentation": [], "area": 2179.3295999999987, "bbox": [2082.06, 712.14, 62.16, 35.06], "iscrowd": 0, "attributes": {"occluded": false}}, {"id": 169, "image_id": 4, "category_id": 2, "segmentation": [], "area": 1544.2799999999986, "bbox": [2172.91, 460.31, 51.0, 30.28], "iscrowd": 0, "attributes": {"occluded": false}}, {"id": 170, "image_id": 4, "category_id": 2, "segmentation": [], "area": 1493.4313999999913, "bbox": [2098.0, 418.87, 33.47, 44.62], "iscrowd": 0, "attributes": {"occluded": false}}, {"id": 171, "image_id": 4, "category_id": 2, "segmentation": [], "area": 853.7400000000019, "bbox": [1944.99, 512.9, 38.25, 22.32], "iscrowd": 0, "attributes": {"occluded": false}}, {"id": 172, "image_id": 4, "category_id": 2, "segmentation": [], "area": 731.3399999999958, "bbox": [1498.71, 587.82, 51.0, 14.34], "iscrowd": 0, "attributes": {"occluded": false}}, {"id": 173, "image_id": 4, "category_id": 2, "segmentation": [], "area": 1397.1410000000026, "bbox": [1635.78, 509.72, 39.85, 35.06], "iscrowd": 0, "attributes": {"occluded": false}}, {"id": 174, "image_id": 4, "category_id": 2, "segmentation": [], "area": 1056.7200000000014, "bbox": [1449.3, 465.09, 41.44, 25.5], "iscrowd": 0, "attributes": {"occluded": false}}, {"id": 175, "image_id": 4, "category_id": 2, "segmentation": [], "area": 2047.55039999999, "bbox": [1481.17, 367.86, 41.44, 49.41], "iscrowd": 0, "attributes": {"occluded": false}}, {"id": 176, "image_id": 4, "category_id": 2, "segmentation": [], "area": 1166.383999999999, "bbox": [1723.44, 58.65, 43.04, 27.1], "iscrowd": 0, "attributes": {"occluded": false}}, {"id": 177, "image_id": 4, "category_id": 2, "segmentation": [], "area": 1371.9558000000045, "bbox": [1678.81, 151.1, 47.82, 28.69], "iscrowd": 0, "attributes": {"occluded": false}}, {"id": 178, "image_id": 4, "category_id": 2, "segmentation": [], "area": 1546.9833999999908, "bbox": [1565.65, 117.63, 33.47, 46.22], "iscrowd": 0, "attributes": {"occluded": false}}, {"id": 179, "image_id": 4, "category_id": 2, "segmentation": [], "area": 1928.3159999999964, "bbox": [1404.67, 28.37, 52.6, 36.66], "iscrowd": 0, "attributes": {"occluded": false}}, {"id": 180, "image_id": 4, "category_id": 2, "segmentation": [], "area": 888.830400000007, "bbox": [1454.08, 47.5, 22.31, 39.84], "iscrowd": 0, "attributes": {"occluded": false}}, {"id": 181, "image_id": 4, "category_id": 2, "segmentation": [], "area": 1511.3510999999992, "bbox": [1430.17, 109.66, 55.79, 27.09], "iscrowd": 0, "attributes": {"occluded": false}}, {"id": 182, "image_id": 4, "category_id": 2, "segmentation": [], "area": 1968.4944000000035, "bbox": [1342.51, 138.35, 49.41, 39.84], "iscrowd": 0, "attributes": {"occluded": false}}, {"id": 183, "image_id": 4, "category_id": 2, "segmentation": [], "area": 2283.7302000000036, "bbox": [1317.01, 214.85, 49.41, 46.22], "iscrowd": 0, "attributes": {"occluded": false}}, {"id": 184, "image_id": 4, "category_id": 2, "segmentation": [], "area": 1067.103299999997, "bbox": [1065.18, 219.63, 44.63, 23.91], "iscrowd": 0, "attributes": {"occluded": false}}, {"id": 185, "image_id": 4, "category_id": 2, "segmentation": [], "area": 1382.0999999999997, "bbox": [1065.18, 261.07, 25.5, 54.2], "iscrowd": 0, "attributes": {"occluded": false}}, {"id": 186, "image_id": 4, "category_id": 2, "segmentation": [], "area": 1255.2175999999984, "bbox": [1092.27, 369.46, 30.29, 41.44], "iscrowd": 0, "attributes": {"occluded": false}}, {"id": 187, "image_id": 4, "category_id": 2, "segmentation": [], "area": 1209.026699999993, "bbox": [1146.46, 496.97, 44.63, 27.09], "iscrowd": 0, "attributes": {"occluded": false}}, {"id": 188, "image_id": 4, "category_id": 2, "segmentation": [], "area": 1058.3496000000027, "bbox": [812.44, 731.31, 35.42, 29.88], "iscrowd": 0, "attributes": {"occluded": false}}, {"id": 189, "image_id": 4, "category_id": 2, "segmentation": [], "area": 1415.3831999999998, "bbox": [1846.12, 834.24, 39.96, 35.42], "iscrowd": 0, "attributes": {"occluded": false}}, {"id": 190, "image_id": 4, "category_id": 2, "segmentation": [], "area": 1815.5759999999996, "bbox": [1785.25, 792.18, 56.56, 32.1], "iscrowd": 0, "attributes": {"occluded": false}}, {"id": 191, "image_id": 4, "category_id": 2, "segmentation": [], "area": 1769.0436000000002, "bbox": [1807.5, 884.05, 42.06, 42.06], "iscrowd": 0, "attributes": {"occluded": false}}, {"id": 192, "image_id": 4, "category_id": 2, "segmentation": [], "area": 1478.2230000000018, "bbox": [1261.71, 895.12, 47.7, 30.99], "iscrowd": 0, "attributes": {"occluded": false}}, {"id": 193, "image_id": 4, "category_id": 2, "segmentation": [], "area": 1286.5554000000018, "bbox": [1205.37, 872.98, 33.21, 38.74], "iscrowd": 0, "attributes": {"occluded": false}}, {"id": 194, "image_id": 4, "category_id": 2, "segmentation": [], "area": 1253.344299999997, "bbox": [1176.59, 796.61, 36.53, 34.31], "iscrowd": 0, "attributes": {"occluded": false}}, {"id": 195, "image_id": 4, "category_id": 2, "segmentation": [], "area": 1421.3880000000001, "bbox": [1312.73, 715.81, 44.28, 32.1], "iscrowd": 0, "attributes": {"occluded": false}}, {"id": 196, "image_id": 4, "category_id": 2, "segmentation": [], "area": 1135.4736000000034, "bbox": [1229.61, 704.74, 36.64, 30.99], "iscrowd": 0, "attributes": {"occluded": false}}, {"id": 197, "image_id": 4, "category_id": 2, "segmentation": [], "area": 977.8949999999987, "bbox": [1164.42, 719.13, 42.06, 23.25], "iscrowd": 0, "attributes": {"occluded": false}}, {"id": 198, "image_id": 4, "category_id": 2, "segmentation": [], "area": 1495.8600000000001, "bbox": [1519.6, 761.19, 46.6, 32.1], "iscrowd": 0, "attributes": {"occluded": false}}, {"id": 199, "image_id": 4, "category_id": 2, "segmentation": [], "area": 1439.3933999999974, "bbox": [1566.2, 818.75, 52.02, 27.67], "iscrowd": 0, "attributes": {"occluded": false}}, {"id": 200, "image_id": 4, "category_id": 2, "segmentation": [], "area": 1631.8464000000029, "bbox": [1495.37, 999.16, 39.84, 40.96], "iscrowd": 0, "attributes": {"occluded": false}}, {"id": 201, "image_id": 4, "category_id": 2, "segmentation": [], "area": 1624.1108000000079, "bbox": [1476.55, 1114.28, 37.63, 43.16], "iscrowd": 0, "attributes": {"occluded": false}}, {"id": 202, "image_id": 4, "category_id": 2, "segmentation": [], "area": 1380.1535000000029, "bbox": [1666.93, 1620.11, 54.23, 25.45], "iscrowd": 0, "attributes": {"occluded": false}}, {"id": 203, "image_id": 4, "category_id": 2, "segmentation": [], "area": 2128.352800000004, "bbox": [1665.71, 1544.84, 56.56, 37.63], "iscrowd": 0, "attributes": {"occluded": false}}, {"id": 204, "image_id": 4, "category_id": 2, "segmentation": [], "area": 1228.7999999999943, "bbox": [1545.06, 1351.14, 30.0, 40.96], "iscrowd": 0, "attributes": {"occluded": false}}, {"id": 205, "image_id": 4, "category_id": 2, "segmentation": [], "area": 1098.8089999999995, "bbox": [1475.08, 1604.75, 47.65, 23.06], "iscrowd": 0, "attributes": {"occluded": false}}, {"id": 206, "image_id": 4, "category_id": 2, "segmentation": [], "area": 1439.0424000000037, "bbox": [1448.95, 1649.33, 32.28, 44.58], "iscrowd": 0, "attributes": {"occluded": false}}, {"id": 207, "image_id": 4, "category_id": 2, "segmentation": [], "area": 1063.6424999999974, "bbox": [1182.99, 1779.23, 30.75, 34.59], "iscrowd": 0, "attributes": {"occluded": false}}, {"id": 208, "image_id": 4, "category_id": 2, "segmentation": [], "area": 783.6080000000013, "bbox": [1249.87, 1728.5, 39.2, 19.99], "iscrowd": 0, "attributes": {"occluded": false}}, {"id": 209, "image_id": 4, "category_id": 2, "segmentation": [], "area": 636.830599999992, "bbox": [1222.2, 1716.2, 37.66, 16.91], "iscrowd": 0, "attributes": {"occluded": false}}, {"id": 210, "image_id": 4, "category_id": 2, "segmentation": [], "area": 1055.3573000000044, "bbox": [1207.59, 1666.24, 36.13, 29.21], "iscrowd": 0, "attributes": {"occluded": false}}, {"id": 211, "image_id": 4, "category_id": 2, "segmentation": [], "area": 1105.693200000004, "bbox": [1222.96, 1606.29, 27.67, 39.96], "iscrowd": 0, "attributes": {"occluded": false}}, {"id": 212, "image_id": 4, "category_id": 2, "segmentation": [], "area": 1325.7440000000079, "bbox": [1092.29, 1608.59, 39.2, 33.82], "iscrowd": 0, "attributes": {"occluded": false}}, {"id": 213, "image_id": 4, "category_id": 2, "segmentation": [], "area": 1105.9699000000037, "bbox": [1099.98, 1557.09, 27.67, 39.97], "iscrowd": 0, "attributes": {"occluded": false}}, {"id": 214, "image_id": 4, "category_id": 2, "segmentation": [], "area": 1347.1652000000051, "bbox": [1166.08, 1438.72, 46.12, 29.21], "iscrowd": 0, "attributes": {"occluded": false}}, {"id": 215, "image_id": 4, "category_id": 2, "segmentation": [], "area": 1111.0216000000041, "bbox": [1065.39, 1463.32, 43.81, 25.36], "iscrowd": 0, "attributes": {"occluded": false}}, {"id": 216, "image_id": 4, "category_id": 2, "segmentation": [], "area": 723.8252000000026, "bbox": [1003.13, 1440.26, 19.22, 37.66], "iscrowd": 0, "attributes": {"occluded": false}}, {"id": 217, "image_id": 4, "category_id": 2, "segmentation": [], "area": 722.0388000000027, "bbox": [968.54, 1464.09, 19.99, 36.12], "iscrowd": 0, "attributes": {"occluded": false}}, {"id": 218, "image_id": 4, "category_id": 2, "segmentation": [], "area": 595.2114000000007, "bbox": [774.84, 1540.95, 14.61, 40.74], "iscrowd": 0, "attributes": {"occluded": false}}, {"id": 219, "image_id": 4, "category_id": 2, "segmentation": [], "area": 969.2399999999994, "bbox": [731.03, 1534.8, 31.52, 30.75], "iscrowd": 0, "attributes": {"occluded": false}}, {"id": 220, "image_id": 4, "category_id": 2, "segmentation": [], "area": 1250.3295999999968, "bbox": [666.46, 1446.41, 35.36, 35.36], "iscrowd": 0, "attributes": {"occluded": false}}, {"id": 221, "image_id": 4, "category_id": 2, "segmentation": [], "area": 1276.025100000001, "bbox": [1030.8, 1260.4, 34.59, 36.89], "iscrowd": 0, "attributes": {"occluded": false}}, {"id": 222, "image_id": 4, "category_id": 2, "segmentation": [], "area": 1267.1315999999956, "bbox": [903.21, 1138.95, 29.97, 42.28], "iscrowd": 0, "attributes": {"occluded": false}}, {"id": 223, "image_id": 4, "category_id": 2, "segmentation": [], "area": 657.9510000000039, "bbox": [717.96, 1205.05, 40.74, 16.15], "iscrowd": 0, "attributes": {"occluded": false}}, {"id": 224, "image_id": 4, "category_id": 2, "segmentation": [], "area": 1277.1954999999966, "bbox": [598.06, 1086.68, 35.35, 36.13], "iscrowd": 0, "attributes": {"occluded": false}}, {"id": 225, "image_id": 4, "category_id": 2, "segmentation": [], "area": 1055.0652000000014, "bbox": [628.8, 987.53, 29.21, 36.12], "iscrowd": 0, "attributes": {"occluded": false}}, {"id": 226, "image_id": 4, "category_id": 2, "segmentation": [], "area": 1332.2427999999989, "bbox": [867.85, 971.39, 42.28, 31.51], "iscrowd": 0, "attributes": {"occluded": false}}, {"id": 227, "image_id": 4, "category_id": 2, "segmentation": [], "area": 709.0949999999983, "bbox": [793.6, 911.2, 23.06, 30.75], "iscrowd": 0, "attributes": {"occluded": false}}, {"id": 228, "image_id": 5, "category_id": 2, "segmentation": [], "area": 1027.7918999999986, "bbox": [1075.23, 465.7, 22.29, 46.11], "iscrowd": 0, "attributes": {"occluded": false}}, {"id": 229, "image_id": 5, "category_id": 2, "segmentation": [], "area": 1265.3760000000004, "bbox": [683.68, 582.22, 39.2, 32.28], "iscrowd": 0, "attributes": {"occluded": false}}, {"id": 230, "image_id": 5, "category_id": 2, "segmentation": [], "area": 843.6908999999908, "bbox": [2168.55, 523.96, 29.51, 28.59], "iscrowd": 0, "attributes": {"occluded": false}}, {"id": 231, "image_id": 5, "category_id": 2, "segmentation": [], "area": 1194.5359999999982, "bbox": [2259.86, 831.11, 35.98, 33.2], "iscrowd": 0, "attributes": {"occluded": false}}, {"id": 232, "image_id": 5, "category_id": 2, "segmentation": [], "area": 976.6322999999959, "bbox": [2108.6, 684.45, 37.81, 25.83], "iscrowd": 0, "attributes": {"occluded": false}}, {"id": 233, "image_id": 5, "category_id": 2, "segmentation": [], "area": 978.4358000000088, "bbox": [1989.61, 836.64, 23.06, 42.43], "iscrowd": 0, "attributes": {"occluded": false}}, {"id": 234, "image_id": 5, "category_id": 2, "segmentation": [], "area": 898.0354000000028, "bbox": [2128.89, 596.83, 22.13, 40.58], "iscrowd": 0, "attributes": {"occluded": false}}, {"id": 235, "image_id": 5, "category_id": 2, "segmentation": [], "area": 941.7180000000047, "bbox": [2106.75, 615.27, 24.9, 37.82], "iscrowd": 0, "attributes": {"occluded": false}}, {"id": 236, "image_id": 5, "category_id": 2, "segmentation": [], "area": 1071.944999999997, "bbox": [2091.07, 620.81, 25.83, 41.5], "iscrowd": 0, "attributes": {"occluded": false}}, {"id": 237, "image_id": 5, "category_id": 2, "segmentation": [], "area": 871.8985999999958, "bbox": [2027.43, 620.81, 37.81, 23.06], "iscrowd": 0, "attributes": {"occluded": false}}, {"id": 238, "image_id": 5, "category_id": 2, "segmentation": [], "area": 1399.3379999999995, "bbox": [1965.63, 554.4, 32.28, 43.35], "iscrowd": 0, "attributes": {"occluded": false}}, {"id": 239, "image_id": 5, "category_id": 2, "segmentation": [], "area": 1015.4368000000038, "bbox": [1905.58, 575.61, 32.38, 31.36], "iscrowd": 0, "attributes": {"occluded": false}}, {"id": 240, "image_id": 5, "category_id": 2, "segmentation": [], "area": 1403.5883999999924, "bbox": [1837.42, 802.52, 30.44, 46.11], "iscrowd": 0, "attributes": {"occluded": false}}, {"id": 241, "image_id": 5, "category_id": 2, "segmentation": [], "area": 1143.199499999988, "bbox": [2150.26, 1217.2, 33.05, 34.59], "iscrowd": 0, "attributes": {"occluded": false}}, {"id": 242, "image_id": 5, "category_id": 2, "segmentation": [], "area": 1186.666599999995, "bbox": [1769.01, 1206.44, 31.51, 37.66], "iscrowd": 0, "attributes": {"occluded": false}}, {"id": 243, "image_id": 5, "category_id": 2, "segmentation": [], "area": 617.2879999999958, "bbox": [1555.32, 1204.9, 42.28, 14.6], "iscrowd": 0, "attributes": {"occluded": false}}, {"id": 244, "image_id": 5, "category_id": 2, "segmentation": [], "area": 1403.422399999998, "bbox": [1741.34, 1524.66, 55.34, 25.36], "iscrowd": 0, "attributes": {"occluded": false}}, {"id": 245, "image_id": 5, "category_id": 2, "segmentation": [], "area": 1052.439999999996, "bbox": [1446.18, 1494.68, 41.5, 25.36], "iscrowd": 0, "attributes": {"occluded": false}}, {"id": 246, "image_id": 5, "category_id": 2, "segmentation": [], "area": 1194.0839999999919, "bbox": [1406.13, 1441.64, 32.36, 36.9], "iscrowd": 0, "attributes": {"occluded": false}}, {"id": 247, "image_id": 5, "category_id": 2, "segmentation": [], "area": 569.7958999999984, "bbox": [1225.93, 1435.48, 16.01, 35.59], "iscrowd": 0, "attributes": {"occluded": false}}, {"id": 248, "image_id": 5, "category_id": 2, "segmentation": [], "area": 593.5434999999975, "bbox": [1243.72, 1443.98, 17.35, 34.21], "iscrowd": 0, "attributes": {"occluded": false}}, {"id": 249, "image_id": 5, "category_id": 2, "segmentation": [], "area": 1382.9192000000012, "bbox": [1239.26, 1591.18, 51.64, 26.78], "iscrowd": 0, "attributes": {"occluded": false}}, {"id": 250, "image_id": 5, "category_id": 2, "segmentation": [], "area": 1668.369399999991, "bbox": [1235.43, 1684.9, 36.34, 45.91], "iscrowd": 0, "attributes": {"occluded": false}}, {"id": 251, "image_id": 5, "category_id": 2, "segmentation": [], "area": 2271.643600000005, "bbox": [1057.56, 1551.02, 43.99, 51.64], "iscrowd": 0, "attributes": {"occluded": false}}, {"id": 252, "image_id": 5, "category_id": 2, "segmentation": [], "area": 1301.4217000000046, "bbox": [664.21, 1483.33, 39.07, 33.31], "iscrowd": 0, "attributes": {"occluded": false}}, {"id": 253, "image_id": 5, "category_id": 2, "segmentation": [], "area": 946.960900000001, "bbox": [1417.2, 523.04, 38.51, 24.59], "iscrowd": 0, "attributes": {"occluded": false}}, {"id": 254, "image_id": 5, "category_id": 2, "segmentation": [], "area": 1270.0991999999985, "bbox": [1580.79, 447.29, 47.82, 26.56], "iscrowd": 0, "attributes": {"occluded": false}}, {"id": 255, "image_id": 5, "category_id": 2, "segmentation": [], "area": 1358.1456000000019, "bbox": [1591.42, 412.76, 46.48, 29.22], "iscrowd": 0, "attributes": {"occluded": false}}, {"id": 256, "image_id": 5, "category_id": 2, "segmentation": [], "area": 1728.963100000003, "bbox": [1635.25, 355.64, 37.19, 46.49], "iscrowd": 0, "attributes": {"occluded": false}}, {"id": 257, "image_id": 5, "category_id": 2, "segmentation": [], "area": 1278.917100000001, "bbox": [1742.83, 354.32, 33.21, 38.51], "iscrowd": 0, "attributes": {"occluded": false}}, {"id": 258, "image_id": 5, "category_id": 2, "segmentation": [], "area": 1228.0175999999992, "bbox": [1604.7, 267.98, 38.52, 31.88], "iscrowd": 0, "attributes": {"occluded": false}}, {"id": 259, "image_id": 5, "category_id": 2, "segmentation": [], "area": 1312.8183999999947, "bbox": [1574.15, 206.88, 41.18, 31.88], "iscrowd": 0, "attributes": {"occluded": false}}, {"id": 260, "image_id": 5, "category_id": 2, "segmentation": [], "area": 2639.1504000000023, "bbox": [1639.23, 87.34, 58.44, 45.16], "iscrowd": 0, "attributes": {"occluded": false}}, {"id": 261, "image_id": 5, "category_id": 2, "segmentation": [], "area": 899.813000000006, "bbox": [1568.84, 108.59, 22.58, 39.85], "iscrowd": 0, "attributes": {"occluded": false}}, {"id": 262, "image_id": 5, "category_id": 2, "segmentation": [], "area": 1270.0194999999956, "bbox": [1429.38, 97.97, 31.87, 39.85], "iscrowd": 0, "attributes": {"occluded": false}}, {"id": 263, "image_id": 5, "category_id": 2, "segmentation": [], "area": 1586.2535999999996, "bbox": [1098.65, 161.72, 38.52, 41.18], "iscrowd": 0, "attributes": {"occluded": false}}, {"id": 264, "image_id": 5, "category_id": 2, "segmentation": [], "area": 1211.8960000000022, "bbox": [888.15, 187.73, 25.46, 47.6], "iscrowd": 0, "attributes": {"occluded": false}}, {"id": 265, "image_id": 5, "category_id": 2, "segmentation": [], "area": 1087.8975999999968, "bbox": [769.71, 254.15, 40.96, 26.56], "iscrowd": 0, "attributes": {"occluded": false}}, {"id": 266, "image_id": 5, "category_id": 2, "segmentation": [], "area": 1006.0526000000024, "bbox": [1182.57, 351.44, 47.59, 21.14], "iscrowd": 0, "attributes": {"occluded": false}}, {"id": 267, "image_id": 5, "category_id": 2, "segmentation": [], "area": 1698.2796999999991, "bbox": [1213.56, 1021.19, 36.53, 46.49], "iscrowd": 0, "attributes": {"occluded": false}}, {"id": 268, "image_id": 5, "category_id": 2, "segmentation": [], "area": 1309.4515999999999, "bbox": [1192.76, 667.85, 26.21, 49.96], "iscrowd": 0, "attributes": {"occluded": false}}, {"id": 269, "image_id": 5, "category_id": 2, "segmentation": [], "area": 1209.828, "bbox": [976.07, 526.42, 49.2, 24.59], "iscrowd": 0, "attributes": {"occluded": false}}, {"id": 270, "image_id": 6, "category_id": 2, "segmentation": [], "area": 1579.9880000000032, "bbox": [2023.11, 786.1, 33.2, 47.59], "iscrowd": 0, "attributes": {"occluded": false}}, {"id": 271, "image_id": 6, "category_id": 2, "segmentation": [], "area": 1397.3003999999962, "bbox": [1340.38, 278.34, 31.88, 43.83], "iscrowd": 0, "attributes": {"occluded": false}}, {"id": 272, "image_id": 6, "category_id": 2, "segmentation": [], "area": 1025.182800000002, "bbox": [2161.36, 1356.57, 34.31, 29.88], "iscrowd": 0, "attributes": {"occluded": false}}, {"id": 273, "image_id": 6, "category_id": 2, "segmentation": [], "area": 683.4552000000014, "bbox": [2197.88, 1347.71, 19.92, 34.31], "iscrowd": 0, "attributes": {"occluded": false}}, {"id": 274, "image_id": 6, "category_id": 2, "segmentation": [], "area": 901.4390000000116, "bbox": [2216.7, 1283.51, 25.45, 35.42], "iscrowd": 0, "attributes": {"occluded": false}}, {"id": 275, "image_id": 6, "category_id": 2, "segmentation": [], "area": 926.5124999999979, "bbox": [2017.46, 995.73, 23.25, 39.85], "iscrowd": 0, "attributes": {"occluded": false}}, {"id": 276, "image_id": 6, "category_id": 2, "segmentation": [], "area": 916.2904999999964, "bbox": [2092.73, 931.54, 24.35, 37.63], "iscrowd": 0, "attributes": {"occluded": false}}, {"id": 277, "image_id": 6, "category_id": 2, "segmentation": [], "area": 1385.7569999999985, "bbox": [2110.44, 1136.3, 32.1, 43.17], "iscrowd": 0, "attributes": {"occluded": false}}, {"id": 278, "image_id": 6, "category_id": 2, "segmentation": [], "area": 1372.170799999995, "bbox": [2108.23, 960.31, 38.74, 35.42], "iscrowd": 0, "attributes": {"occluded": false}}, {"id": 279, "image_id": 6, "category_id": 2, "segmentation": [], "area": 1881.8645999999856, "bbox": [2251.01, 685.82, 53.13, 35.42], "iscrowd": 0, "attributes": {"occluded": false}}, {"id": 280, "image_id": 6, "category_id": 2, "segmentation": [], "area": 1290.0524000000019, "bbox": [1999.87, 387.63, 43.16, 29.89], "iscrowd": 0, "attributes": {"occluded": false}}, {"id": 281, "image_id": 6, "category_id": 2, "segmentation": [], "area": 1411.6640999999966, "bbox": [1935.67, 331.18, 53.13, 26.57], "iscrowd": 0, "attributes": {"occluded": false}}, {"id": 282, "image_id": 6, "category_id": 2, "segmentation": [], "area": 1157.849999999999, "bbox": [1886.97, 548.12, 49.8, 23.25], "iscrowd": 0, "attributes": {"occluded": false}}, {"id": 283, "image_id": 6, "category_id": 2, "segmentation": [], "area": 1205.2927999999974, "bbox": [2013.15, 599.04, 26.56, 45.38], "iscrowd": 0, "attributes": {"occluded": false}}, {"id": 284, "image_id": 6, "category_id": 2, "segmentation": [], "area": 1322.7875999999992, "bbox": [1822.77, 723.01, 44.27, 29.88], "iscrowd": 0, "attributes": {"occluded": false}}, {"id": 285, "image_id": 6, "category_id": 2, "segmentation": [], "area": 1337.8382999999956, "bbox": [1477.43, 827.05, 43.17, 30.99], "iscrowd": 0, "attributes": {"occluded": false}}, {"id": 286, "image_id": 6, "category_id": 2, "segmentation": [], "area": 2149.3023999999955, "bbox": [1887.96, 1135.86, 36.64, 58.66], "iscrowd": 0, "attributes": {"occluded": false}}, {"id": 287, "image_id": 6, "category_id": 2, "segmentation": [], "area": 2561.7009999999955, "bbox": [1791.78, 1405.93, 56.45, 45.38], "iscrowd": 0, "attributes": {"occluded": false}}, {"id": 288, "image_id": 6, "category_id": 2, "segmentation": [], "area": 1669.8419999999946, "bbox": [1682.2, 1424.75, 32.1, 52.02], "iscrowd": 0, "attributes": {"occluded": false}}, {"id": 289, "image_id": 6, "category_id": 2, "segmentation": [], "area": 1651.7896999999991, "bbox": [1674.34, 1546.5, 35.53, 46.49], "iscrowd": 0, "attributes": {"occluded": false}}, {"id": 290, "image_id": 6, "category_id": 2, "segmentation": [], "area": 1347.8831999999984, "bbox": [1450.85, 1642.15, 44.28, 30.44], "iscrowd": 0, "attributes": {"occluded": false}}, {"id": 291, "image_id": 6, "category_id": 2, "segmentation": [], "area": 1574.0756000000013, "bbox": [1212.88, 1845.07, 46.12, 34.13], "iscrowd": 0, "attributes": {"occluded": false}}, {"id": 292, "image_id": 6, "category_id": 2, "segmentation": [], "area": 1283.5172999999952, "bbox": [1172.24, 1626.17, 45.37, 28.29], "iscrowd": 0, "attributes": {"occluded": false}}, {"id": 293, "image_id": 6, "category_id": 2, "segmentation": [], "area": 1004.6525999999967, "bbox": [821.24, 1698.42, 35.14, 28.59], "iscrowd": 0, "attributes": {"occluded": false}}, {"id": 294, "image_id": 6, "category_id": 2, "segmentation": [], "area": 1051.833600000001, "bbox": [1020.47, 1667.98, 25.92, 40.58], "iscrowd": 0, "attributes": {"occluded": false}}, {"id": 295, "image_id": 6, "category_id": 2, "segmentation": [], "area": 1575.9431999999983, "bbox": [772.35, 1662.44, 40.68, 38.74], "iscrowd": 0, "attributes": {"occluded": false}}, {"id": 296, "image_id": 6, "category_id": 2, "segmentation": [], "area": 1220.8295999999968, "bbox": [696.44, 1614.2, 32.28, 37.82], "iscrowd": 0, "attributes": {"occluded": false}}, {"id": 297, "image_id": 6, "category_id": 2, "segmentation": [], "area": 2408.1820000000034, "bbox": [733.39, 1475.06, 51.8, 46.49], "iscrowd": 0, "attributes": {"occluded": false}}, {"id": 298, "image_id": 6, "category_id": 2, "segmentation": [], "area": 917.1167999999974, "bbox": [653.7, 1512.26, 26.56, 34.53], "iscrowd": 0, "attributes": {"occluded": false}}, {"id": 299, "image_id": 6, "category_id": 2, "segmentation": [], "area": 875.0750000000014, "bbox": [678.93, 1477.72, 21.25, 41.18], "iscrowd": 0, "attributes": {"occluded": false}}, {"id": 300, "image_id": 6, "category_id": 2, "segmentation": [], "area": 2069.456999999997, "bbox": [633.77, 1384.75, 67.74, 30.55], "iscrowd": 0, "attributes": {"occluded": false}}, {"id": 301, "image_id": 6, "category_id": 2, "segmentation": [], "area": 1842.0264000000054, "bbox": [919.34, 1208.09, 38.52, 47.82], "iscrowd": 0, "attributes": {"occluded": false}}, {"id": 302, "image_id": 6, "category_id": 2, "segmentation": [], "area": 1919.3000000000034, "bbox": [1151.78, 990.27, 42.5, 45.16], "iscrowd": 0, "attributes": {"occluded": false}}, {"id": 303, "image_id": 6, "category_id": 2, "segmentation": [], "area": 1174.9374000000064, "bbox": [1066.77, 1042.07, 23.91, 49.14], "iscrowd": 0, "attributes": {"occluded": false}}, {"id": 304, "image_id": 6, "category_id": 2, "segmentation": [], "area": 1477.126600000003, "bbox": [827.69, 1007.53, 41.18, 35.87], "iscrowd": 0, "attributes": {"occluded": false}}, {"id": 305, "image_id": 6, "category_id": 2, "segmentation": [], "area": 1169.126000000004, "bbox": [924.65, 618.37, 51.8, 22.57], "iscrowd": 0, "attributes": {"occluded": false}}, {"id": 306, "image_id": 6, "category_id": 2, "segmentation": [], "area": 1667.131400000001, "bbox": [987.08, 554.61, 35.86, 46.49], "iscrowd": 0, "attributes": {"occluded": false}}, {"id": 307, "image_id": 6, "category_id": 2, "segmentation": [], "area": 987.9125000000001, "bbox": [1110.6, 537.34, 21.25, 46.49], "iscrowd": 0, "attributes": {"occluded": false}}, {"id": 308, "image_id": 6, "category_id": 2, "segmentation": [], "area": 1273.3581000000015, "bbox": [1142.48, 452.34, 25.23, 50.47], "iscrowd": 0, "attributes": {"occluded": false}}, {"id": 309, "image_id": 6, "category_id": 2, "segmentation": [], "area": 1552.2459999999944, "bbox": [2051.78, 803.7, 46.6, 33.31], "iscrowd": 0, "attributes": {"occluded": false}}, {"id": 310, "image_id": 6, "category_id": 2, "segmentation": [], "area": 3027.191999999988, "bbox": [1212.88, 561.25, 58.44, 51.8], "iscrowd": 0, "attributes": {"occluded": false}}, {"id": 311, "image_id": 6, "category_id": 2, "segmentation": [], "area": 2095.9505999999988, "bbox": [1312.49, 784.39, 43.83, 47.82], "iscrowd": 0, "attributes": {"occluded": false}}, {"id": 312, "image_id": 6, "category_id": 2, "segmentation": [], "area": 1914.458199999998, "bbox": [1713.61, 583.83, 46.49, 41.18], "iscrowd": 0, "attributes": {"occluded": false}}, {"id": 313, "image_id": 6, "category_id": 2, "segmentation": [], "area": 2010.7248000000013, "bbox": [1721.58, 206.62, 50.47, 39.84], "iscrowd": 0, "attributes": {"occluded": false}}, {"id": 314, "image_id": 6, "category_id": 2, "segmentation": [], "area": 1174.9374000000037, "bbox": [1412.11, 362.02, 49.14, 23.91], "iscrowd": 0, "attributes": {"occluded": false}}, {"id": 315, "image_id": 6, "category_id": 2, "segmentation": [], "area": 1921.0688999999986, "bbox": [1467.89, 294.28, 43.83, 43.83], "iscrowd": 0, "attributes": {"occluded": false}}, {"id": 316, "image_id": 6, "category_id": 2, "segmentation": [], "area": 839.9759999999964, "bbox": [1372.26, 223.88, 18.6, 45.16], "iscrowd": 0, "attributes": {"occluded": false}}, {"id": 317, "image_id": 6, "category_id": 2, "segmentation": [], "area": 1863.1999999999966, "bbox": [1332.41, 185.37, 43.84, 42.5], "iscrowd": 0, "attributes": {"occluded": false}}, {"id": 318, "image_id": 7, "category_id": 2, "segmentation": [], "area": 1981.6607999999999, "bbox": [1321.95, 1715.47, 41.44, 47.82], "iscrowd": 0, "attributes": {"occluded": false}}, {"id": 319, "image_id": 7, "category_id": 2, "segmentation": [], "area": 1496.1348000000012, "bbox": [1255.01, 1627.81, 49.41, 30.28], "iscrowd": 0, "attributes": {"occluded": false}}, {"id": 320, "image_id": 7, "category_id": 2, "segmentation": [], "area": 1584.7328000000057, "bbox": [1798.35, 1603.9, 36.82, 43.04], "iscrowd": 0, "attributes": {"occluded": false}}, {"id": 321, "image_id": 7, "category_id": 2, "segmentation": [], "area": 1178.6100000000006, "bbox": [1841.55, 1575.21, 25.5, 46.22], "iscrowd": 0, "attributes": {"occluded": false}}, {"id": 322, "image_id": 7, "category_id": 2, "segmentation": [], "area": 1546.9834000000021, "bbox": [1686.94, 1446.11, 33.47, 46.22], "iscrowd": 0, "attributes": {"occluded": false}}, {"id": 323, "image_id": 7, "category_id": 2, "segmentation": [], "area": 1303.3786999999977, "bbox": [1626.38, 1452.48, 43.03, 30.29], "iscrowd": 0, "attributes": {"occluded": false}}, {"id": 324, "image_id": 7, "category_id": 2, "segmentation": [], "area": 1577.8464000000022, "bbox": [1393.67, 1452.48, 43.04, 36.66], "iscrowd": 0, "attributes": {"occluded": false}}, {"id": 325, "image_id": 7, "category_id": 2, "segmentation": [], "area": 1381.8450000000014, "bbox": [1218.35, 1457.27, 54.19, 25.5], "iscrowd": 0, "attributes": {"occluded": false}}, {"id": 326, "image_id": 7, "category_id": 2, "segmentation": [], "area": 2133.492800000001, "bbox": [1973.68, 988.67, 49.57, 43.04], "iscrowd": 0, "attributes": {"occluded": false}}, {"id": 327, "image_id": 7, "category_id": 2, "segmentation": [], "area": 1756.1447999999991, "bbox": [1263.05, 37.13, 44.28, 39.66], "iscrowd": 0, "attributes": {"occluded": false}}, {"id": 328, "image_id": 7, "category_id": 2, "segmentation": [], "area": 1794.902999999995, "bbox": [1367.19, 149.66, 49.9, 35.97], "iscrowd": 0, "attributes": {"occluded": false}}, {"id": 329, "image_id": 7, "category_id": 2, "segmentation": [], "area": 1388.620799999998, "bbox": [1402.33, 289.86, 29.52, 47.04], "iscrowd": 0, "attributes": {"occluded": false}}, {"id": 330, "image_id": 7, "category_id": 2, "segmentation": [], "area": 997.7184000000016, "bbox": [1675.36, 222.53, 21.21, 47.04], "iscrowd": 0, "attributes": {"occluded": false}}, {"id": 331, "image_id": 7, "category_id": 2, "segmentation": [], "area": 1041.9983999999981, "bbox": [1691.96, 231.75, 32.28, 32.28], "iscrowd": 0, "attributes": {"occluded": false}}, {"id": 332, "image_id": 7, "category_id": 2, "segmentation": [], "area": 1483.437000000002, "bbox": [1851.44, 253.89, 34.22, 43.35], "iscrowd": 0, "attributes": {"occluded": false}}, {"id": 333, "image_id": 7, "category_id": 2, "segmentation": [], "area": 1362.3687999999963, "bbox": [1795.4, 683.88, 51.88, 26.26], "iscrowd": 0, "attributes": {"occluded": false}}, {"id": 334, "image_id": 7, "category_id": 2, "segmentation": [], "area": 1550.6504999999943, "bbox": [2125.28, 700.53, 38.43, 40.35], "iscrowd": 0, "attributes": {"occluded": false}}, {"id": 335, "image_id": 7, "category_id": 2, "segmentation": [], "area": 1507.4952000000014, "bbox": [2054.18, 506.45, 48.04, 31.38], "iscrowd": 0, "attributes": {"occluded": false}}, {"id": 336, "image_id": 7, "category_id": 2, "segmentation": [], "area": 1066.5605999999952, "bbox": [2002.93, 471.22, 25.62, 41.63], "iscrowd": 0, "attributes": {"occluded": false}}, {"id": 337, "image_id": 7, "category_id": 2, "segmentation": [], "area": 1138.1384000000012, "bbox": [1924.15, 465.45, 46.76, 24.34], "iscrowd": 0, "attributes": {"occluded": false}}, {"id": 338, "image_id": 7, "category_id": 2, "segmentation": [], "area": 1105.8309000000004, "bbox": [680.53, 377.43, 25.23, 43.83], "iscrowd": 0, "attributes": {"occluded": false}}, {"id": 339, "image_id": 7, "category_id": 2, "segmentation": [], "area": 1658.1180000000047, "bbox": [932.89, 500.82, 51.8, 32.01], "iscrowd": 0, "attributes": {"occluded": false}}, {"id": 340, "image_id": 7, "category_id": 2, "segmentation": [], "area": 1037.1360999999947, "bbox": [806.71, 616.5, 18.59, 55.79], "iscrowd": 0, "attributes": {"occluded": false}}, {"id": 341, "image_id": 7, "category_id": 2, "segmentation": [], "area": 1338.2952000000023, "bbox": [827.96, 657.55, 35.86, 37.32], "iscrowd": 0, "attributes": {"occluded": false}}, {"id": 342, "image_id": 7, "category_id": 2, "segmentation": [], "area": 1175.1765000000034, "bbox": [988.67, 662.99, 23.91, 49.15], "iscrowd": 0, "attributes": {"occluded": false}}, {"id": 343, "image_id": 7, "category_id": 2, "segmentation": [], "area": 1499.312000000001, "bbox": [918.28, 766.59, 33.2, 45.16], "iscrowd": 0, "attributes": {"occluded": false}}, {"id": 344, "image_id": 7, "category_id": 2, "segmentation": [], "area": 1842.0264000000054, "bbox": [1144.07, 714.79, 47.82, 38.52], "iscrowd": 0, "attributes": {"occluded": false}}, {"id": 345, "image_id": 7, "category_id": 2, "segmentation": [], "area": 2406.559200000006, "bbox": [1152.04, 835.66, 41.18, 58.44], "iscrowd": 0, "attributes": {"occluded": false}}, {"id": 346, "image_id": 7, "category_id": 2, "segmentation": [], "area": 2170.2309999999943, "bbox": [1116.18, 409.3, 39.85, 54.46], "iscrowd": 0, "attributes": {"occluded": false}}, {"id": 347, "image_id": 7, "category_id": 2, "segmentation": [], "area": 1640.624500000004, "bbox": [1136.1, 308.36, 39.85, 41.17], "iscrowd": 0, "attributes": {"occluded": false}}, {"id": 348, "image_id": 7, "category_id": 2, "segmentation": [], "area": 1663.2084000000057, "bbox": [988.67, 191.48, 54.46, 30.54], "iscrowd": 0, "attributes": {"occluded": false}}, {"id": 349, "image_id": 7, "category_id": 2, "segmentation": [], "area": 1501.2270000000028, "bbox": [974.06, 115.77, 49.14, 30.55], "iscrowd": 0, "attributes": {"occluded": false}}, {"id": 350, "image_id": 7, "category_id": 2, "segmentation": [], "area": 3260.367600000001, "bbox": [1214.47, 535.48, 58.44, 55.79], "iscrowd": 0, "attributes": {"occluded": false}}, {"id": 351, "image_id": 7, "category_id": 2, "segmentation": [], "area": 1179.0435999999918, "bbox": [1345.68, 816.46, 30.17, 39.08], "iscrowd": 0, "attributes": {"occluded": false}}, {"id": 352, "image_id": 7, "category_id": 2, "segmentation": [], "area": 1381.9802999999963, "bbox": [1324.54, 911.27, 36.57, 37.79], "iscrowd": 0, "attributes": {"occluded": false}}, {"id": 353, "image_id": 7, "category_id": 2, "segmentation": [], "area": 1239.6955000000037, "bbox": [1507.09, 559.61, 33.37, 37.15], "iscrowd": 0, "attributes": {"occluded": false}}, {"id": 354, "image_id": 7, "category_id": 2, "segmentation": [], "area": 1887.9884000000025, "bbox": [1701.24, 464.81, 49.96, 37.79], "iscrowd": 0, "attributes": {"occluded": false}}, {"id": 355, "image_id": 7, "category_id": 2, "segmentation": [], "area": 1950.75, "bbox": [875.67, 1795.17, 51.0, 38.25], "iscrowd": 0, "attributes": {"occluded": false}}, {"id": 356, "image_id": 7, "category_id": 2, "segmentation": [], "area": 1777.7086000000093, "bbox": [933.05, 1836.61, 55.78, 31.87], "iscrowd": 0, "attributes": {"occluded": false}}, {"id": 357, "image_id": 7, "category_id": 2, "segmentation": [], "area": 1468.007099999994, "bbox": [1014.33, 1795.17, 54.19, 27.09], "iscrowd": 0, "attributes": {"occluded": false}}, {"id": 358, "image_id": 7, "category_id": 2, "segmentation": [], "area": 1178.8650000000005, "bbox": [853.35, 1674.03, 46.23, 25.5], "iscrowd": 0, "attributes": {"occluded": false}}, {"id": 359, "image_id": 7, "category_id": 2, "segmentation": [], "area": 1355.938399999998, "bbox": [834.07, 1718.66, 44.78, 30.28], "iscrowd": 0, "attributes": {"occluded": false}}, {"id": 360, "image_id": 7, "category_id": 2, "segmentation": [], "area": 1074.2441, "bbox": [558.33, 1368.01, 24.07, 44.63], "iscrowd": 0, "attributes": {"occluded": false}}, {"id": 361, "image_id": 7, "category_id": 2, "segmentation": [], "area": 1544.2799999999986, "bbox": [526.61, 1329.76, 30.28, 51.0], "iscrowd": 0, "attributes": {"occluded": false}}, {"id": 362, "image_id": 7, "category_id": 2, "segmentation": [], "area": 1707.0974999999955, "bbox": [654.12, 1603.9, 38.25, 44.63], "iscrowd": 0, "attributes": {"occluded": false}}, {"id": 363, "image_id": 7, "category_id": 2, "segmentation": [], "area": 1855.6832000000013, "bbox": [821.32, 1619.84, 44.78, 41.44], "iscrowd": 0, "attributes": {"occluded": false}}, {"id": 364, "image_id": 7, "category_id": 2, "segmentation": [], "area": 1564.7278000000076, "bbox": [752.94, 1594.34, 44.63, 35.06], "iscrowd": 0, "attributes": {"occluded": false}}, {"id": 365, "image_id": 7, "category_id": 2, "segmentation": [], "area": 1321.1072000000015, "bbox": [839.01, 1401.48, 31.88, 41.44], "iscrowd": 0, "attributes": {"occluded": false}}, {"id": 366, "image_id": 7, "category_id": 2, "segmentation": [], "area": 1707.304700000001, "bbox": [1291.66, 1838.2, 51.01, 33.47], "iscrowd": 0, "attributes": {"occluded": false}}, {"id": 367, "image_id": 7, "category_id": 2, "segmentation": [], "area": 2136.2884000000026, "bbox": [1063.74, 1364.82, 46.22, 46.22], "iscrowd": 0, "attributes": {"occluded": false}}, {"id": 368, "image_id": 7, "category_id": 2, "segmentation": [], "area": 2194.7849999999953, "bbox": [1221.54, 1374.39, 38.25, 57.38], "iscrowd": 0, "attributes": {"occluded": false}}, {"id": 369, "image_id": 7, "category_id": 2, "segmentation": [], "area": 2678.0219999999954, "bbox": [1782.57, 1187.9, 49.41, 54.2], "iscrowd": 0, "attributes": {"occluded": false}}, {"id": 370, "image_id": 7, "category_id": 2, "segmentation": [], "area": 2763.690000000003, "bbox": [1290.07, 1207.03, 54.19, 51.0], "iscrowd": 0, "attributes": {"occluded": false}}, {"id": 371, "image_id": 7, "category_id": 2, "segmentation": [], "area": 2690.760000000011, "bbox": [2188.85, 1207.03, 52.76, 51.0], "iscrowd": 0, "attributes": {"occluded": false}}, {"id": 372, "image_id": 7, "category_id": 2, "segmentation": [], "area": 2638.9719000000114, "bbox": [2104.38, 1148.06, 59.13, 44.63], "iscrowd": 0, "attributes": {"occluded": false}}, {"id": 373, "image_id": 7, "category_id": 2, "segmentation": [], "area": 1636.1358000000077, "bbox": [2071.06, 1135.31, 44.63, 36.66], "iscrowd": 0, "attributes": {"occluded": false}}, {"id": 374, "image_id": 7, "category_id": 2, "segmentation": [], "area": 1122.6095999999982, "bbox": [2075.84, 1111.4, 41.44, 27.09], "iscrowd": 0, "attributes": {"occluded": false}}, {"id": 375, "image_id": 7, "category_id": 2, "segmentation": [], "area": 1625.3699999999944, "bbox": [2130.04, 1065.18, 51.0, 31.87], "iscrowd": 0, "attributes": {"occluded": false}}, {"id": 376, "image_id": 7, "category_id": 2, "segmentation": [], "area": 2401.2016000000062, "bbox": [1954.71, 1030.11, 43.04, 55.79], "iscrowd": 0, "attributes": {"occluded": false}}, {"id": 377, "image_id": 8, "category_id": 2, "segmentation": [], "area": 1002.2886000000001, "bbox": [413.88, 470.67, 28.17, 35.58], "iscrowd": 0, "attributes": {"occluded": false}}, {"id": 378, "image_id": 8, "category_id": 2, "segmentation": [], "area": 1500.7876000000008, "bbox": [560.41, 555.98, 38.74, 38.74], "iscrowd": 0, "attributes": {"occluded": false}}, {"id": 379, "image_id": 8, "category_id": 2, "segmentation": [], "area": 1058.1503999999986, "bbox": [842.66, 595.83, 39.84, 26.56], "iscrowd": 0, "attributes": {"occluded": false}}, {"id": 380, "image_id": 8, "category_id": 2, "segmentation": [], "area": 1301.3224000000018, "bbox": [871.34, 521.1, 43.61, 29.84], "iscrowd": 0, "attributes": {"occluded": false}}, {"id": 381, "image_id": 8, "category_id": 2, "segmentation": [], "area": 1391.2749999999978, "bbox": [719.86, 525.69, 50.5, 27.55], "iscrowd": 0, "attributes": {"occluded": false}}, {"id": 382, "image_id": 8, "category_id": 2, "segmentation": [], "area": 1071.935799999988, "bbox": [1691.39, 1043.88, 27.67, 38.74], "iscrowd": 0, "attributes": {"occluded": false}}, {"id": 383, "image_id": 8, "category_id": 2, "segmentation": [], "area": 1278.7864999999938, "bbox": [1176.7, 971.94, 39.85, 32.09], "iscrowd": 0, "attributes": {"occluded": false}}, {"id": 384, "image_id": 8, "category_id": 2, "segmentation": [], "area": 1691.0531999999985, "bbox": [1396.96, 924.34, 50.92, 33.21], "iscrowd": 0, "attributes": {"occluded": false}}, {"id": 385, "image_id": 8, "category_id": 2, "segmentation": [], "area": 1529.1035000000018, "bbox": [1568.53, 698.54, 57.55, 26.57], "iscrowd": 0, "attributes": {"occluded": false}}, {"id": 386, "image_id": 8, "category_id": 2, "segmentation": [], "area": 1749.0423999999941, "bbox": [1468.14, 136.16, 37.63, 46.48], "iscrowd": 0, "attributes": {"occluded": false}}, {"id": 387, "image_id": 8, "category_id": 2, "segmentation": [], "area": 884.5217999999988, "bbox": [1215.78, 101.84, 42.06, 21.03], "iscrowd": 0, "attributes": {"occluded": false}}, {"id": 388, "image_id": 8, "category_id": 2, "segmentation": [], "area": 1045.361399999999, "bbox": [1249.98, 57.57, 27.78, 37.63], "iscrowd": 0, "attributes": {"occluded": false}}, {"id": 389, "image_id": 8, "category_id": 2, "segmentation": [], "area": 1087.6319999999978, "bbox": [1148.26, 86.35, 26.56, 40.95], "iscrowd": 0, "attributes": {"occluded": false}}, {"id": 390, "image_id": 8, "category_id": 2, "segmentation": [], "area": 1042.5711999999976, "bbox": [943.73, 803.03, 32.56, 32.02], "iscrowd": 0, "attributes": {"occluded": false}}, {"id": 391, "image_id": 8, "category_id": 2, "segmentation": [], "area": 1326.7659999999994, "bbox": [878.21, 1842.48, 39.08, 33.95], "iscrowd": 0, "attributes": {"occluded": false}}, {"id": 392, "image_id": 8, "category_id": 2, "segmentation": [], "area": 765.350299999998, "bbox": [1133.98, 1717.2, 41.17, 18.59], "iscrowd": 0, "attributes": {"occluded": false}}, {"id": 393, "image_id": 8, "category_id": 2, "segmentation": [], "area": 1409.4655999999904, "bbox": [961.75, 1550.15, 50.92, 27.68], "iscrowd": 0, "attributes": {"occluded": false}}, {"id": 394, "image_id": 8, "category_id": 2, "segmentation": [], "area": 1306.0363999999986, "bbox": [754.77, 1585.57, 45.38, 28.78], "iscrowd": 0, "attributes": {"occluded": false}}, {"id": 395, "image_id": 8, "category_id": 2, "segmentation": [], "area": 1481.1626999999974, "bbox": [1001.6, 1381.91, 34.31, 43.17], "iscrowd": 0, "attributes": {"occluded": false}}, {"id": 396, "image_id": 8, "category_id": 2, "segmentation": [], "area": 1289.9196000000036, "bbox": [893.13, 1284.51, 43.17, 29.88], "iscrowd": 0, "attributes": {"occluded": false}}, {"id": 397, "image_id": 8, "category_id": 2, "segmentation": [], "area": 1163.8001999999967, "bbox": [930.76, 1392.98, 27.67, 42.06], "iscrowd": 0, "attributes": {"occluded": false}}, {"id": 398, "image_id": 8, "category_id": 2, "segmentation": [], "area": 1249.6923000000013, "bbox": [988.32, 1174.93, 37.63, 33.21], "iscrowd": 0, "attributes": {"occluded": false}}, {"id": 399, "image_id": 8, "category_id": 2, "segmentation": [], "area": 1200.5526000000007, "bbox": [562.18, 1487.06, 30.99, 38.74], "iscrowd": 0, "attributes": {"occluded": false}}, {"id": 400, "image_id": 8, "category_id": 2, "segmentation": [], "area": 859.9464000000023, "bbox": [765.84, 1401.84, 43.17, 19.92], "iscrowd": 0, "attributes": {"occluded": false}}, {"id": 401, "image_id": 8, "category_id": 2, "segmentation": [], "area": 764.5407000000068, "bbox": [1563.1, 1485.07, 53.13, 14.39], "iscrowd": 0, "attributes": {"occluded": false}}, {"id": 402, "image_id": 8, "category_id": 2, "segmentation": [], "area": 1371.9272999999998, "bbox": [1854.21, 1549.27, 30.99, 44.27], "iscrowd": 0, "attributes": {"occluded": false}}, {"id": 403, "image_id": 8, "category_id": 2, "segmentation": [], "area": 1164.0514000000053, "bbox": [1628.3, 1697.59, 24.46, 47.59], "iscrowd": 0, "attributes": {"occluded": false}}, {"id": 404, "image_id": 8, "category_id": 2, "segmentation": [], "area": 999.9066000000065, "bbox": [1496.69, 1713.08, 53.13, 18.82], "iscrowd": 0, "attributes": {"occluded": false}}, {"id": 405, "image_id": 8, "category_id": 2, "segmentation": [], "area": 1844.023999999997, "bbox": [725.99, 1304.43, 38.74, 47.6], "iscrowd": 0, "attributes": {"occluded": false}}, {"id": 406, "image_id": 8, "category_id": 2, "segmentation": [], "area": 825.0837000000029, "bbox": [529.0, 1286.54, 35.61, 23.17], "iscrowd": 0, "attributes": {"occluded": false}}, {"id": 407, "image_id": 8, "category_id": 2, "segmentation": [], "area": 1470.1071000000038, "bbox": [1930.47, 667.55, 27.67, 53.13], "iscrowd": 0, "attributes": {"occluded": false}}, {"id": 408, "image_id": 8, "category_id": 2, "segmentation": [], "area": 1256.9631000000115, "bbox": [1952.6, 655.38, 21.03, 59.77], "iscrowd": 0, "attributes": {"occluded": false}}, {"id": 409, "image_id": 8, "category_id": 2, "segmentation": [], "area": 801.0766000000033, "bbox": [2004.96, 664.61, 20.42, 39.23], "iscrowd": 0, "attributes": {"occluded": false}}, {"id": 410, "image_id": 8, "category_id": 2, "segmentation": [], "area": 777.0396000000023, "bbox": [2025.07, 660.28, 15.72, 49.43], "iscrowd": 0, "attributes": {"occluded": false}}, {"id": 411, "image_id": 8, "category_id": 2, "segmentation": [], "area": 2340.566799999993, "bbox": [2092.29, 1096.68, 43.16, 54.23], "iscrowd": 0, "attributes": {"occluded": false}}, {"id": 412, "image_id": 8, "category_id": 2, "segmentation": [], "area": 2358.1038000000103, "bbox": [2094.39, 1338.97, 38.74, 60.87], "iscrowd": 0, "attributes": {"occluded": false}}, {"id": 413, "image_id": 8, "category_id": 2, "segmentation": [], "area": 1475.2900000000045, "bbox": [1940.54, 1336.75, 47.59, 31.0], "iscrowd": 0, "attributes": {"occluded": false}}, {"id": 414, "image_id": 8, "category_id": 2, "segmentation": [], "area": 956.5080000000038, "bbox": [530.93, 1265.95, 33.04, 28.95], "iscrowd": 0, "attributes": {"occluded": false}}, {"id": 415, "image_id": 8, "category_id": 2, "segmentation": [], "area": 1221.385200000001, "bbox": [484.22, 1184.3, 29.98, 40.74], "iscrowd": 0, "attributes": {"occluded": false}}, {"id": 416, "image_id": 8, "category_id": 2, "segmentation": [], "area": 900.4325000000007, "bbox": [307.38, 928.97, 26.29, 34.25], "iscrowd": 0, "attributes": {"occluded": false}}, {"id": 417, "image_id": 8, "category_id": 2, "segmentation": [], "area": 1190.7180000000005, "bbox": [536.95, 862.47, 29.88, 39.85], "iscrowd": 0, "attributes": {"occluded": false}}, {"id": 418, "image_id": 8, "category_id": 2, "segmentation": [], "area": 518.3750999999971, "bbox": [464.66, 649.71, 37.81, 13.71], "iscrowd": 0, "attributes": {"occluded": false}}, {"id": 419, "image_id": 8, "category_id": 2, "segmentation": [], "area": 854.3719999999989, "bbox": [406.8, 509.96, 33.4, 25.58], "iscrowd": 0, "attributes": {"occluded": false}}, {"id": 420, "image_id": 9, "category_id": 2, "segmentation": [], "area": 1402.2450000000117, "bbox": [2127.64, 1198.9, 36.66, 38.25], "iscrowd": 0, "attributes": {"occluded": false}}, {"id": 421, "image_id": 9, "category_id": 2, "segmentation": [], "area": 1042.967599999997, "bbox": [2130.67, 1245.12, 27.26, 38.26], "iscrowd": 0, "attributes": {"occluded": false}}, {"id": 422, "image_id": 9, "category_id": 2, "segmentation": [], "area": 1104.657999999989, "bbox": [2081.42, 1241.94, 46.22, 23.9], "iscrowd": 0, "attributes": {"occluded": false}}, {"id": 423, "image_id": 9, "category_id": 2, "segmentation": [], "area": 792.5400000000011, "bbox": [1732.37, 1753.57, 20.72, 38.25], "iscrowd": 0, "attributes": {"occluded": false}}, {"id": 424, "image_id": 9, "category_id": 2, "segmentation": [], "area": 1593.2540000000022, "bbox": [1064.54, 1855.57, 52.6, 30.29], "iscrowd": 0, "attributes": {"occluded": false}}, {"id": 425, "image_id": 9, "category_id": 2, "segmentation": [], "area": 1694.8448000000026, "bbox": [1653.0, 1714.63, 39.16, 43.28], "iscrowd": 0, "attributes": {"occluded": false}}, {"id": 426, "image_id": 9, "category_id": 2, "segmentation": [], "area": 1495.3131999999982, "bbox": [1607.66, 1718.75, 45.34, 32.98], "iscrowd": 0, "attributes": {"occluded": false}}, {"id": 427, "image_id": 9, "category_id": 2, "segmentation": [], "area": 1593.3075999999983, "bbox": [1226.36, 1724.93, 51.53, 30.92], "iscrowd": 0, "attributes": {"occluded": false}}, {"id": 428, "image_id": 9, "category_id": 2, "segmentation": [], "area": 3670.0144000000087, "bbox": [1387.12, 1694.02, 65.96, 55.64], "iscrowd": 0, "attributes": {"occluded": false}}, {"id": 429, "image_id": 9, "category_id": 2, "segmentation": [], "area": 1784.0016, "bbox": [1170.71, 1640.43, 43.28, 41.22], "iscrowd": 0, "attributes": {"occluded": false}}, {"id": 430, "image_id": 9, "category_id": 2, "segmentation": [], "area": 2017.9148000000062, "bbox": [1005.82, 1731.11, 39.16, 51.53], "iscrowd": 0, "attributes": {"occluded": false}}, {"id": 431, "image_id": 9, "category_id": 2, "segmentation": [], "area": 1274.1101999999996, "bbox": [991.4, 1619.82, 30.91, 41.22], "iscrowd": 0, "attributes": {"occluded": false}}, {"id": 432, "image_id": 9, "category_id": 2, "segmentation": [], "area": 1869.3681999999974, "bbox": [696.66, 1621.88, 41.23, 45.34], "iscrowd": 0, "attributes": {"occluded": false}}, {"id": 433, "image_id": 9, "category_id": 2, "segmentation": [], "area": 1546.0508999999988, "bbox": [766.74, 1644.55, 57.71, 26.79], "iscrowd": 0, "attributes": {"occluded": false}}, {"id": 434, "image_id": 9, "category_id": 2, "segmentation": [], "area": 977.1201000000054, "bbox": [902.77, 1584.78, 47.41, 20.61], "iscrowd": 0, "attributes": {"occluded": false}}, {"id": 435, "image_id": 9, "category_id": 2, "segmentation": [], "area": 2017.5232000000035, "bbox": [1038.8, 1428.14, 39.16, 51.52], "iscrowd": 0, "attributes": {"occluded": false}}, {"id": 436, "image_id": 9, "category_id": 2, "segmentation": [], "area": 1937.245200000005, "bbox": [1216.05, 1477.6, 49.47, 39.16], "iscrowd": 0, "attributes": {"occluded": false}}, {"id": 437, "image_id": 9, "category_id": 2, "segmentation": [], "area": 2208.9797999999982, "bbox": [1442.77, 1531.19, 53.59, 41.22], "iscrowd": 0, "attributes": {"occluded": false}}, {"id": 438, "image_id": 9, "category_id": 2, "segmentation": [], "area": 1486.3519999999949, "bbox": [1531.4, 1487.91, 28.85, 51.52], "iscrowd": 0, "attributes": {"occluded": false}}, {"id": 439, "image_id": 9, "category_id": 2, "segmentation": [], "area": 1381.003999999997, "bbox": [1601.47, 1419.89, 51.53, 26.8], "iscrowd": 0, "attributes": {"occluded": false}}, {"id": 440, "image_id": 9, "category_id": 2, "segmentation": [], "area": 1694.8447999999926, "bbox": [1296.43, 1372.49, 39.16, 43.28], "iscrowd": 0, "attributes": {"occluded": false}}, {"id": 441, "image_id": 9, "category_id": 2, "segmentation": [], "area": 2149.116000000011, "bbox": [1191.32, 1331.27, 45.34, 47.4], "iscrowd": 0, "attributes": {"occluded": false}}, {"id": 442, "image_id": 9, "category_id": 2, "segmentation": [], "area": 1699.1296000000004, "bbox": [1444.83, 1215.85, 32.98, 51.52], "iscrowd": 0, "attributes": {"occluded": false}}, {"id": 443, "image_id": 9, "category_id": 2, "segmentation": [], "area": 1546.0508999999988, "bbox": [2052.85, 838.67, 26.79, 57.71], "iscrowd": 0, "attributes": {"occluded": false}}, {"id": 444, "image_id": 9, "category_id": 2, "segmentation": [], "area": 866.8895999999994, "bbox": [1760.17, 1034.47, 24.74, 35.04], "iscrowd": 0, "attributes": {"occluded": false}}, {"id": 445, "image_id": 9, "category_id": 2, "segmentation": [], "area": 1274.5224000000003, "bbox": [1753.99, 987.07, 30.92, 41.22], "iscrowd": 0, "attributes": {"occluded": false}}, {"id": 446, "image_id": 9, "category_id": 2, "segmentation": [], "area": 1869.3269999999975, "bbox": [1508.72, 1086.0, 45.35, 41.22], "iscrowd": 0, "attributes": {"occluded": false}}, {"id": 447, "image_id": 9, "category_id": 2, "segmentation": [], "area": 1299.9839999999995, "bbox": [1514.91, 896.38, 35.04, 37.1], "iscrowd": 0, "attributes": {"occluded": false}}, {"id": 448, "image_id": 9, "category_id": 2, "segmentation": [], "area": 1487.0115000000121, "bbox": [1961.85, 830.5, 24.05, 61.83], "iscrowd": 0, "attributes": {"occluded": false}}, {"id": 449, "image_id": 9, "category_id": 2, "segmentation": [], "area": 1699.3632000000052, "bbox": [1815.86, 815.04, 30.92, 54.96], "iscrowd": 0, "attributes": {"occluded": false}}, {"id": 450, "image_id": 9, "category_id": 2, "segmentation": [], "area": 1858.3092000000051, "bbox": [1633.8, 809.88, 30.91, 60.12], "iscrowd": 0, "attributes": {"occluded": false}}, {"id": 451, "image_id": 9, "category_id": 2, "segmentation": [], "area": 1796.6466999999989, "bbox": [2009.94, 562.56, 36.07, 49.81], "iscrowd": 0, "attributes": {"occluded": false}}, {"id": 452, "image_id": 9, "category_id": 2, "segmentation": [], "area": 1115.4389999999978, "bbox": [1984.18, 493.85, 24.05, 46.38], "iscrowd": 0, "attributes": {"occluded": false}}, {"id": 453, "image_id": 9, "category_id": 2, "segmentation": [], "area": 1377.2465000000038, "bbox": [1772.75, 243.09, 27.65, 49.81], "iscrowd": 0, "attributes": {"occluded": false}}, {"id": 454, "image_id": 9, "category_id": 2, "segmentation": [], "area": 1221.2540999999997, "bbox": [1723.11, 155.5, 39.51, 30.91], "iscrowd": 0, "attributes": {"occluded": false}}, {"id": 455, "image_id": 9, "category_id": 2, "segmentation": [], "area": 1982.6819999999902, "bbox": [1642.39, 107.4, 41.22, 48.1], "iscrowd": 0, "attributes": {"occluded": false}}, {"id": 456, "image_id": 9, "category_id": 2, "segmentation": [], "area": 1352.4281999999987, "bbox": [807.48, 1067.52, 32.81, 41.22], "iscrowd": 0, "attributes": {"occluded": false}}, {"id": 457, "image_id": 9, "category_id": 2, "segmentation": [], "area": 1775.425500000009, "bbox": [712.3, 1008.29, 52.05, 34.11], "iscrowd": 0, "attributes": {"occluded": false}}, {"id": 458, "image_id": 9, "category_id": 2, "segmentation": [], "area": 975.1463999999976, "bbox": [443.79, 998.27, 48.66, 20.04], "iscrowd": 0, "attributes": {"occluded": false}}, {"id": 459, "image_id": 9, "category_id": 2, "segmentation": [], "area": 1352.180599999996, "bbox": [482.43, 952.47, 31.49, 42.94], "iscrowd": 0, "attributes": {"occluded": false}}, {"id": 460, "image_id": 9, "category_id": 2, "segmentation": [], "area": 1818.8325000000027, "bbox": [502.47, 792.17, 34.35, 52.95], "iscrowd": 0, "attributes": {"occluded": false}}, {"id": 461, "image_id": 9, "category_id": 2, "segmentation": [], "area": 1142.9711999999997, "bbox": [589.78, 573.18, 25.76, 44.37], "iscrowd": 0, "attributes": {"occluded": false}}, {"id": 462, "image_id": 9, "category_id": 2, "segmentation": [], "area": 1319.433599999996, "bbox": [1086.44, 524.51, 40.08, 32.92], "iscrowd": 0, "attributes": {"occluded": false}}, {"id": 463, "image_id": 9, "category_id": 2, "segmentation": [], "area": 952.6239000000013, "bbox": [1077.85, 630.43, 21.47, 44.37], "iscrowd": 0, "attributes": {"occluded": false}}, {"id": 464, "image_id": 9, "category_id": 2, "segmentation": [], "area": 1366.509199999998, "bbox": [913.25, 578.9, 32.92, 41.51], "iscrowd": 0, "attributes": {"occluded": false}}, {"id": 465, "image_id": 9, "category_id": 2, "segmentation": [], "area": 1524.1095000000012, "bbox": [821.65, 460.1, 34.35, 44.37], "iscrowd": 0, "attributes": {"occluded": false}}, {"id": 466, "image_id": 9, "category_id": 2, "segmentation": [], "area": 848.0192000000001, "bbox": [810.2, 452.95, 25.76, 32.92], "iscrowd": 0, "attributes": {"occluded": false}}, {"id": 467, "image_id": 9, "category_id": 2, "segmentation": [], "area": 1419.733799999998, "bbox": [546.84, 352.76, 30.06, 47.23], "iscrowd": 0, "attributes": {"occluded": false}}, {"id": 468, "image_id": 9, "category_id": 2, "segmentation": [], "area": 1892.9783999999972, "bbox": [581.19, 498.75, 40.08, 47.23], "iscrowd": 0, "attributes": {"occluded": false}}, {"id": 469, "image_id": 9, "category_id": 2, "segmentation": [], "area": 1802.8025000000005, "bbox": [652.33, 436.2, 31.49, 57.25], "iscrowd": 0, "attributes": {"occluded": false}}, {"id": 470, "image_id": 9, "category_id": 2, "segmentation": [], "area": 1073.8496999999973, "bbox": [1470.63, 717.14, 22.33, 48.09], "iscrowd": 0, "attributes": {"occluded": false}}, {"id": 471, "image_id": 10, "category_id": 2, "segmentation": [], "area": 1516.8572000000013, "bbox": [830.88, 491.84, 36.71, 41.32], "iscrowd": 0, "attributes": {"occluded": false}}, {"id": 472, "image_id": 10, "category_id": 2, "segmentation": [], "area": 1527.6590999999928, "bbox": [625.63, 1502.63, 44.37, 34.43], "iscrowd": 0, "attributes": {"occluded": false}}, {"id": 473, "image_id": 10, "category_id": 2, "segmentation": [], "area": 1182.3568000000025, "bbox": [419.15, 1368.84, 25.57, 46.24], "iscrowd": 0, "attributes": {"occluded": false}}, {"id": 474, "image_id": 10, "category_id": 2, "segmentation": [], "area": 1022.0808999999981, "bbox": [975.12, 823.71, 31.97, 31.97], "iscrowd": 0, "attributes": {"occluded": false}}, {"id": 475, "image_id": 10, "category_id": 2, "segmentation": [], "area": 1282.643999999992, "bbox": [1036.24, 1329.2, 24.6, 52.14], "iscrowd": 0, "attributes": {"occluded": false}}, {"id": 476, "image_id": 10, "category_id": 2, "segmentation": [], "area": 1321.0791000000027, "bbox": [355.2, 1285.23, 38.37, 34.43], "iscrowd": 0, "attributes": {"occluded": false}}, {"id": 477, "image_id": 10, "category_id": 2, "segmentation": [], "area": 894.7339999999979, "bbox": [466.12, 1129.65, 21.4, 41.81], "iscrowd": 0, "attributes": {"occluded": false}}, {"id": 478, "image_id": 10, "category_id": 2, "segmentation": [], "area": 1050.9194999999993, "bbox": [423.49, 1104.24, 32.05, 32.79], "iscrowd": 0, "attributes": {"occluded": false}}, {"id": 479, "image_id": 10, "category_id": 2, "segmentation": [], "area": 757.2044999999956, "bbox": [377.67, 1104.24, 40.17, 18.85], "iscrowd": 0, "attributes": {"occluded": false}}, {"id": 480, "image_id": 10, "category_id": 2, "segmentation": [], "area": 851.6493999999965, "bbox": [315.24, 1048.38, 21.07, 40.42], "iscrowd": 0, "attributes": {"occluded": false}}, {"id": 481, "image_id": 10, "category_id": 2, "segmentation": [], "area": 1147.434399999998, "bbox": [405.76, 1050.65, 34.16, 33.59], "iscrowd": 0, "attributes": {"occluded": false}}, {"id": 482, "image_id": 10, "category_id": 2, "segmentation": [], "area": 1956.239599999999, "bbox": [1442.49, 1174.28, 42.49, 46.04], "iscrowd": 0, "attributes": {"occluded": false}}, {"id": 483, "image_id": 10, "category_id": 2, "segmentation": [], "area": 1692.4644000000014, "bbox": [866.94, 1192.76, 52.14, 32.46], "iscrowd": 0, "attributes": {"occluded": false}}, {"id": 484, "image_id": 10, "category_id": 2, "segmentation": [], "area": 1401.0023999999962, "bbox": [662.23, 1136.68, 37.48, 37.38], "iscrowd": 0, "attributes": {"occluded": false}}, {"id": 485, "image_id": 10, "category_id": 2, "segmentation": [], "area": 1503.634800000006, "bbox": [946.62, 1068.81, 41.32, 36.39], "iscrowd": 0, "attributes": {"occluded": false}}, {"id": 486, "image_id": 10, "category_id": 2, "segmentation": [], "area": 1281.2359999999949, "bbox": [1118.68, 1132.75, 32.56, 39.35], "iscrowd": 0, "attributes": {"occluded": false}}, {"id": 487, "image_id": 10, "category_id": 2, "segmentation": [], "area": 1354.8205000000073, "bbox": [1087.3, 1112.09, 39.35, 34.43], "iscrowd": 0, "attributes": {"occluded": false}}, {"id": 488, "image_id": 10, "category_id": 2, "segmentation": [], "area": 1620.1600000000035, "bbox": [1221.09, 1084.54, 53.12, 30.5], "iscrowd": 0, "attributes": {"occluded": false}}, {"id": 489, "image_id": 10, "category_id": 2, "segmentation": [], "area": 975.0929999999948, "bbox": [1251.19, 997.98, 55.09, 17.7], "iscrowd": 0, "attributes": {"occluded": false}}, {"id": 490, "image_id": 10, "category_id": 2, "segmentation": [], "area": 1565.378699999997, "bbox": [1305.29, 915.34, 48.21, 32.47], "iscrowd": 0, "attributes": {"occluded": false}}, {"id": 491, "image_id": 10, "category_id": 2, "segmentation": [], "area": 812.9709999999992, "bbox": [990.5, 628.09, 20.66, 39.35], "iscrowd": 0, "attributes": {"occluded": false}}, {"id": 492, "image_id": 10, "category_id": 2, "segmentation": [], "area": 1067.3760000000018, "bbox": [1009.83, 713.41, 30.05, 35.52], "iscrowd": 0, "attributes": {"occluded": false}}, {"id": 493, "image_id": 10, "category_id": 2, "segmentation": [], "area": 1966.3428000000056, "bbox": [1431.25, 682.3, 39.66, 49.58], "iscrowd": 0, "attributes": {"occluded": false}}, {"id": 494, "image_id": 10, "category_id": 2, "segmentation": [], "area": 1611.934799999995, "bbox": [1636.51, 713.47, 35.56, 45.33], "iscrowd": 0, "attributes": {"occluded": false}}, {"id": 495, "image_id": 10, "category_id": 2, "segmentation": [], "area": 2550.2927999999933, "bbox": [1997.88, 529.31, 43.91, 58.08], "iscrowd": 0, "attributes": {"occluded": false}}, {"id": 496, "image_id": 10, "category_id": 2, "segmentation": [], "area": 1685.224200000002, "bbox": [1734.4, 580.31, 33.99, 49.58], "iscrowd": 0, "attributes": {"occluded": false}}, {"id": 497, "image_id": 10, "category_id": 2, "segmentation": [], "area": 1318.7647999999995, "bbox": [1822.45, 182.75, 28.52, 46.24], "iscrowd": 0, "attributes": {"occluded": false}}, {"id": 498, "image_id": 10, "category_id": 2, "segmentation": [], "area": 1990.1411999999964, "bbox": [1742.68, 280.89, 49.58, 40.14], "iscrowd": 0, "attributes": {"occluded": false}}, {"id": 499, "image_id": 10, "category_id": 2, "segmentation": [], "area": 1899.0804000000016, "bbox": [1648.25, 278.53, 34.23, 55.48], "iscrowd": 0, "attributes": {"occluded": false}}, {"id": 500, "image_id": 10, "category_id": 2, "segmentation": [], "area": 1404.719399999998, "bbox": [1618.73, 487.48, 33.06, 42.49], "iscrowd": 0, "attributes": {"occluded": false}}, {"id": 501, "image_id": 10, "category_id": 2, "segmentation": [], "area": 1114.8642000000013, "bbox": [1524.29, 457.96, 47.22, 23.61], "iscrowd": 0, "attributes": {"occluded": false}}, {"id": 502, "image_id": 10, "category_id": 2, "segmentation": [], "area": 1730.8991999999985, "bbox": [1576.06, 420.26, 53.03, 32.64], "iscrowd": 0, "attributes": {"occluded": false}}, {"id": 503, "image_id": 10, "category_id": 2, "segmentation": [], "area": 1864.3967999999957, "bbox": [1380.23, 301.95, 57.12, 32.64], "iscrowd": 0, "attributes": {"occluded": false}}, {"id": 504, "image_id": 10, "category_id": 2, "segmentation": [], "area": 1739.5487999999993, "bbox": [1290.47, 263.19, 38.76, 44.88], "iscrowd": 0, "attributes": {"occluded": false}}, {"id": 505, "image_id": 10, "category_id": 2, "segmentation": [], "area": 947.3142000000033, "bbox": [1090.78, 233.56, 23.91, 39.62], "iscrowd": 0, "attributes": {"occluded": false}}, {"id": 506, "image_id": 10, "category_id": 2, "segmentation": [], "area": 1948.6193999999953, "bbox": [1350.65, 596.42, 52.13, 37.38], "iscrowd": 0, "attributes": {"occluded": false}}, {"id": 507, "image_id": 10, "category_id": 2, "segmentation": [], "area": 1174.6727999999976, "bbox": [604.23, 780.94, 31.99, 36.72], "iscrowd": 0, "attributes": {"occluded": false}}, {"id": 508, "image_id": 10, "category_id": 2, "segmentation": [], "area": 1753.315200000002, "bbox": [1175.7, 515.45, 43.68, 40.14], "iscrowd": 0, "attributes": {"occluded": false}}, {"id": 509, "image_id": 10, "category_id": 2, "segmentation": [], "area": 1747.745600000004, "bbox": [1169.79, 458.79, 44.86, 38.96], "iscrowd": 0, "attributes": {"occluded": false}}, {"id": 510, "image_id": 10, "category_id": 2, "segmentation": [], "area": 1094.617800000002, "bbox": [974.9, 581.56, 27.27, 40.14], "iscrowd": 0, "attributes": {"occluded": false}}, {"id": 511, "image_id": 10, "category_id": 2, "segmentation": [], "area": 1429.571299999999, "bbox": [882.82, 530.8, 39.07, 36.59], "iscrowd": 0, "attributes": {"occluded": false}}, {"id": 512, "image_id": 10, "category_id": 2, "segmentation": [], "area": 1455.635200000001, "bbox": [589.33, 1450.49, 46.24, 31.48], "iscrowd": 0, "attributes": {"occluded": false}}, {"id": 513, "image_id": 10, "category_id": 2, "segmentation": [], "area": 1122.6555000000053, "bbox": [1315.62, 1311.49, 28.53, 39.35], "iscrowd": 0, "attributes": {"occluded": false}}, {"id": 514, "image_id": 10, "category_id": 2, "segmentation": [], "area": 975.5651999999998, "bbox": [1005.75, 1561.36, 23.61, 41.32], "iscrowd": 0, "attributes": {"occluded": false}}, {"id": 515, "image_id": 10, "category_id": 2, "segmentation": [], "area": 1380.125, "bbox": [904.42, 1726.63, 45.25, 30.5], "iscrowd": 0, "attributes": {"occluded": false}}, {"id": 516, "image_id": 10, "category_id": 2, "segmentation": [], "area": 1300.438799999999, "bbox": [1032.31, 1750.24, 47.22, 27.54], "iscrowd": 0, "attributes": {"occluded": false}}, {"id": 517, "image_id": 10, "category_id": 2, "segmentation": [], "area": 1396.3039999999994, "bbox": [1130.68, 1849.6, 36.4, 38.36], "iscrowd": 0, "attributes": {"occluded": false}}, {"id": 518, "image_id": 10, "category_id": 2, "segmentation": [], "area": 1178.4463999999975, "bbox": [1252.67, 1827.95, 28.52, 41.32], "iscrowd": 0, "attributes": {"occluded": false}}, {"id": 519, "image_id": 10, "category_id": 2, "segmentation": [], "area": 1263.0230999999983, "bbox": [1307.75, 1665.64, 44.27, 28.53], "iscrowd": 0, "attributes": {"occluded": false}}, {"id": 520, "image_id": 10, "category_id": 2, "segmentation": [], "area": 1410.8671999999942, "bbox": [1360.88, 1706.96, 53.12, 26.56], "iscrowd": 0, "attributes": {"occluded": false}}, {"id": 521, "image_id": 10, "category_id": 2, "segmentation": [], "area": 1209.827999999997, "bbox": [1847.83, 1693.18, 49.18, 24.6], "iscrowd": 0, "attributes": {"occluded": false}}, {"id": 522, "image_id": 10, "category_id": 2, "segmentation": [], "area": 2022.9999999999961, "bbox": [1727.82, 1160.74, 42.5, 47.6], "iscrowd": 0, "attributes": {"occluded": false}}, {"id": 523, "image_id": 10, "category_id": 2, "segmentation": [], "area": 2262.8700000000026, "bbox": [1753.32, 1092.74, 49.3, 45.9], "iscrowd": 0, "attributes": {"occluded": false}}, {"id": 524, "image_id": 10, "category_id": 2, "segmentation": [], "area": 1456.5600000000084, "bbox": [2105.2, 1313.73, 40.8, 35.7], "iscrowd": 0, "attributes": {"occluded": false}}, {"id": 525, "image_id": 10, "category_id": 2, "segmentation": [], "area": 798.486200000009, "bbox": [2027.1, 1407.01, 41.74, 19.13], "iscrowd": 0, "attributes": {"occluded": false}}, {"id": 526, "image_id": 10, "category_id": 2, "segmentation": [], "area": 1589.1260000000038, "bbox": [1142.55, 42.04, 37.4, 42.49], "iscrowd": 0, "attributes": {"occluded": false}}, {"id": 527, "image_id": 10, "category_id": 2, "segmentation": [], "area": 962.2626000000008, "bbox": [1989.53, 1422.72, 33.54, 28.69], "iscrowd": 0, "attributes": {"occluded": false}}, {"id": 528, "image_id": 10, "category_id": 2, "segmentation": [], "area": 1660.5940000000016, "bbox": [1176.55, 35.07, 44.2, 37.57], "iscrowd": 0, "attributes": {"occluded": false}}, {"id": 529, "image_id": 10, "category_id": 2, "segmentation": [], "area": 1248.480000000001, "bbox": [574.98, 564.99, 51.0, 24.48], "iscrowd": 0, "attributes": {"occluded": false}}, {"id": 530, "image_id": 10, "category_id": 2, "segmentation": [], "area": 2359.627199999998, "bbox": [495.43, 505.83, 42.84, 55.08], "iscrowd": 0, "attributes": {"occluded": false}}, {"id": 531, "image_id": 10, "category_id": 2, "segmentation": [], "area": 2197.3248000000012, "bbox": [619.86, 330.4, 48.96, 44.88], "iscrowd": 0, "attributes": {"occluded": false}}, {"id": 532, "image_id": 10, "category_id": 2, "segmentation": [], "area": 1435.752000000007, "bbox": [1115.55, 201.89, 30.6, 46.92], "iscrowd": 0, "attributes": {"occluded": false}}, {"id": 533, "image_id": 10, "category_id": 2, "segmentation": [], "area": 1342.7011999999977, "bbox": [820.25, 468.23, 35.54, 37.78], "iscrowd": 0, "attributes": {"occluded": false}}]}